-- 1. Populate Departments
INSERT INTO departments (department_id, department_name, location) VALUES
(1, 'Public Safety', 'San Francisco'),
(2, 'Health & Medical', 'San Francisco'),
(3, 'Transit & Transport', 'San Francisco'),
(4, 'Public Works & Infrastructure', 'San Francisco'),
(5, 'Corporate Admin & Legal', 'San Francisco');

-- 2. Populate Payroll Runs
INSERT INTO payroll_runs (run_id, year, pay_period) VALUES
(2011, 2011, 'Annual Run 2011'),
(2012, 2012, 'Annual Run 2012'),
(2013, 2013, 'Annual Run 2013'),
(2014, 2014, 'Annual Run 2014');

-- 3. Populate Employees
INSERT INTO employees (employee_id, first_name, last_name, email, hire_date, status, termination_date, department_id) VALUES
(117, 'Donnie', 'Hornbuckle', 'donnie.hornbuckle@sf-gov.org', '2009-10-06', 'Active', NULL, 1),
(125, 'Giuseppe', 'Festa', 'giuseppe.festa@sf-gov.org', '2009-06-14', 'Active', NULL, 1),
(148, 'Robert', 'Guzman', 'robert.guzman@sf-gov.org', '2010-05-09', 'Active', NULL, 5),
(105, 'Amanda', 'Handerhan', 'amanda.handerhan@sf-gov.org', '2009-10-22', 'Active', NULL, 2),
(111, 'Carla', 'Johnson', 'carla.johnson@sf-gov.org', '2007-04-28', 'Active', NULL, 5),
(138, 'Michael', 'Wong', 'michael.wong@sf-gov.org', '2008-03-27', 'Active', NULL, 1),
(106, 'Amy', 'Peele', 'amy.peele@sf-gov.org', '2010-11-23', 'Active', NULL, 2),
(152, 'Steve', 'Townsend', 'steve.townsend@sf-gov.org', '2011-01-13', 'Active', NULL, 3),
(131, 'Kevin', 'Keating', 'kevin.keating@sf-gov.org', '2010-08-20', 'Active', NULL, 1),
(137, 'Michael', 'Mowler', 'michael.mowler@sf-gov.org', '2008-10-10', 'Active', NULL, 1),
(151, 'Stephanie', 'Kozloff', 'stephanie.kozloff@sf-gov.org', '2010-08-12', 'Active', NULL, 1),
(143, 'Peter', 'Heriot', 'peter.heriot@sf-gov.org', '2011-04-04', 'Active', NULL, 5),
(108, 'Barbara', 'Garcia', 'barbara.garcia@sf-gov.org', '2011-01-01', 'Active', NULL, 2),
(118, 'Ed', 'Converse', 'ed.converse@sf-gov.org', '2010-03-03', 'Active', NULL, 1),
(144, 'Peter', 'Sforza', 'peter.sforza@sf-gov.org', '2008-01-05', 'Active', NULL, 1),
(132, 'Lesley', 'Hardisty', 'lesley.hardisty@sf-gov.org', '2011-01-21', 'Active', NULL, 2),
(157, 'William', 'Cochran', 'william.cochran@sf-gov.org', '2011-10-18', 'Active', NULL, 1),
(116, 'David', 'Seng', 'david.seng@sf-gov.org', '2011-05-05', 'Active', NULL, 3),
(120, 'Eileen', 'Sneath', 'eileen.sneath@sf-gov.org', '2011-01-13', 'Active', NULL, 2),
(153, 'Susan', 'Bryan', 'susan.bryan@sf-gov.org', '2011-02-14', 'Active', NULL, 2),
(145, 'Rhea', 'Du', 'rhea.du@sf-gov.org', '2011-06-02', 'Active', NULL, 2),
(134, 'Mark', 'Gomez', 'mark.gomez@sf-gov.org', '2009-03-11', 'Active', NULL, 3),
(119, 'Edward', 'Reis', 'edward.reis@sf-gov.org', '2010-08-08', 'Active', NULL, 3),
(102, 'Alan', 'Eskenazi', 'alan.eskenazi@sf-gov.org', '2010-07-19', 'Active', NULL, 2),
(127, 'Janet', 'Bargagliotti', 'janet.bargagliotti@sf-gov.org', '2010-08-16', 'Active', NULL, 2),
(150, 'Sarah', 'Cary', 'sarah.cary@sf-gov.org', '2011-03-11', 'Active', NULL, 2),
(122, 'Emily', 'Dahlman', 'emily.dahlman@sf-gov.org', '2010-03-11', 'Active', NULL, 2),
(104, 'Allan', 'Guinto', 'allan.guinto@sf-gov.org', '2011-01-01', 'Active', NULL, 3),
(126, 'James', 'Ames', 'james.ames@sf-gov.org', '2009-03-15', 'Active', NULL, 3),
(113, 'Charles', 'Duff', 'charles.duff@sf-gov.org', '2010-02-14', 'Active', NULL, 3),
(135, 'Mark', 'Lombardi', 'mark.lombardi@sf-gov.org', '2011-04-12', 'Active', NULL, 3),
(109, 'Benjamin', 'Daly', 'benjamin.daly@sf-gov.org', '2010-02-10', 'Active', NULL, 3),
(115, 'David', 'Mccormick', 'david.mccormick@sf-gov.org', '2011-04-04', 'Active', NULL, 3),
(107, 'Ana', 'Samson', 'ana.samson@sf-gov.org', '2010-12-20', 'Active', NULL, 2),
(114, 'Daniel', 'Lui', 'daniel.lui@sf-gov.org', '2009-03-03', 'Active', NULL, 3),
(154, 'Thomas', 'Dolan', 'thomas.dolan@sf-gov.org', '2011-03-27', 'Active', NULL, 3),
(140, 'Nancy', 'Alfaro', 'nancy.alfaro@sf-gov.org', '2011-01-01', 'Active', NULL, 4),
(124, 'Frederick', 'Binkley', 'frederick.binkley@sf-gov.org', '2011-01-13', 'Active', NULL, 5),
(141, 'Orlando', 'Serrano', 'orlando.serrano@sf-gov.org', '2011-02-14', 'Active', NULL, 3),
(130, 'Julia', 'Kowalke', 'julia.kowalke@sf-gov.org', '2011-03-19', 'Active', NULL, 2),
(142, 'Patricia', 'Baron', 'patricia.baron@sf-gov.org', '2011-03-03', 'Active', NULL, 3),
(149, 'Samuel', 'Lau', 'samuel.lau@sf-gov.org', '2010-02-10', 'Active', NULL, 3),
(101, 'Ada', 'O''Connor', 'ada.o''connor@sf-gov.org', '2010-02-18', 'Active', NULL, 2),
(158, 'William', 'Coester', 'william.coester@sf-gov.org', '2011-01-03', 'Active', NULL, 3),
(147, 'Richard', 'Bostley', 'richard.bostley@sf-gov.org', '2011-04-20', 'Active', NULL, 3),
(121, 'Emily', 'D''Amico', 'emily.d''amico@sf-gov.org', '2010-02-10', 'Active', NULL, 2),
(133, 'Louis', 'Brugman', 'louis.brugman@sf-gov.org', '2010-02-14', 'Active', NULL, 3),
(123, 'Filippa', 'Eskenazi', 'filippa.eskenazi@sf-gov.org', '2011-04-04', 'Active', NULL, 2),
(139, 'Michael', 'Yip', 'michael.yip@sf-gov.org', '2010-08-08', 'Active', NULL, 3),
(159, 'William', 'Coughlin', 'william.coughlin@sf-gov.org', '2011-04-12', 'Active', NULL, 3),
(112, 'Charles', 'D''Augusta', 'charles.d''augusta@sf-gov.org', '2011-01-01', 'Active', NULL, 1),
(156, 'William', 'Brandt', 'william.brandt@sf-gov.org', '2011-01-01', 'Active', NULL, 1),
(155, 'Thomas', 'Duggan', 'thomas.duggan@sf-gov.org', '2011-04-20', 'Terminated', '2011-12-31', 3),
(129, 'Joseph', 'Isidro', 'joseph.isidro@sf-gov.org', '2011-02-18', 'Terminated', '2011-12-31', 3),
(128, 'Jeffrey', 'Ames', 'jeffrey.ames@sf-gov.org', '2011-01-01', 'Terminated', '2011-12-31', 3),
(110, 'Camille', 'Dandoy', 'camille.dandoy@sf-gov.org', '2011-03-19', 'Terminated', '2011-12-31', 2),
(136, 'Mary', 'Sforza', 'mary.sforza@sf-gov.org', '2011-01-13', 'Active', NULL, 2),
(103, 'Alette', 'Lundeberg', 'alette.lundeberg@sf-gov.org', '2011-04-04', 'Active', NULL, 2),
(146, 'Richard', 'Borges', 'richard.borges@sf-gov.org', '2011-03-03', 'Active', NULL, 3),
(160, 'William', 'Kramer', 'william.kramer@sf-gov.org', '2011-01-13', 'Active', NULL, 1);

-- 4. Populate Payroll Ledger
INSERT INTO payroll_ledger (ledger_id, run_id, employee_id, job_title, base_pay, overtime_pay, other_pay, benefits) VALUES
(144, 2011, 117, 'Captain, Fire Suppression', 140546.89, 97868.53, 31102.39, 0.00),
(3069, 2011, 125, 'Battalion Chief, Fire Suppress', 140546.86, 0.00, 18685.24, 0.00),
(4002, 2011, 148, 'Deputy Chief 3', 256086.00, 0.00, 3866.00, 0.00),
(6277, 2011, 105, 'Special Nurse', 110996.16, 0.00, 521.84, 0.00),
(6346, 2011, 111, 'Dentist', 200632.03, 0.00, 1500.00, 0.00),
(10214, 2011, 138, 'Police Officer 3', 112110.15, 9331.43, 8569.25, 0.00),
(11425, 2011, 106, 'Special Nurse', 114406.88, 0.00, 4822.42, 0.00),
(12347, 2011, 152, 'Transit Operator', 66367.62, 45862.62, 2769.74, 0.00),
(12613, 2011, 131, 'Police Officer 3', 112411.02, 3811.23, 1000.00, 0.00),
(13813, 2011, 137, 'Inspector 3', 111976.13, 560.84, 1874.12, 0.00),
(15264, 2011, 151, 'Inspector 3', 111976.13, 1221.72, 100.00, 0.00),
(15830, 2011, 143, 'Assoc Engineer', 108399.11, 0.00, 0.00, 0.00),
(15838, 2011, 108, 'Health Educator', 82512.20, 0.00, 24391.24, 0.00),
(16579, 2011, 118, 'Police Officer 3', 105934.30, 439.46, 305.20, 0.00),
(17056, 2011, 144, 'Police Officer 3', 105934.20, 0.00, 240.20, 0.00),
(17448, 2011, 132, 'Registered Nurse', 101416.03, 403.48, 2603.23, 0.00),
(17799, 2011, 157, 'Police Officer 3', 101851.01, 1238.16, 500.00, 0.00),
(18591, 2011, 116, 'Transit Operator', 68025.68, 26978.71, 3505.77, 0.00),
(19159, 2011, 120, 'Registered Nurse', 97904.05, 0.00, 2049.20, 0.00),
(19602, 2011, 153, 'Registered Nurse', 97904.03, 0.00, 1118.06, 0.00),
(19946, 2011, 145, 'Registered Nurse', 97904.00, 0.00, 477.58, 0.00),
(20392, 2011, 134, 'Transit Operator', 68142.41, 23793.59, 3991.95, 0.00),
(21677, 2011, 119, 'Transit Operator', 66367.65, 24458.76, 1238.00, 0.00),
(21971, 2011, 102, 'Registered Nurse', 92497.80, 0.00, 1284.14, 0.00),
(22197, 2011, 127, 'Registered Nurse', 92497.51, 0.00, 1032.08, 0.00),
(22452, 2011, 150, 'Registered Nurse', 92497.43, 0.00, 676.08, 0.00),
(22501, 2011, 122, 'Registered Nurse', 92497.40, 0.00, 574.68, 0.00),
(23351, 2011, 104, 'Transit Operator', 66367.60, 20641.48, 2580.48, 0.00),
(24217, 2011, 126, 'Transit Operator', 66367.60, 19289.43, 501.95, 0.00),
(24536, 2011, 113, 'Transit Operator', 66367.60, 17822.36, 1572.77, 0.00),
(24610, 2011, 135, 'Transit Operator', 66367.60, 18749.61, 558.12, 0.00),
(25026, 2011, 109, 'Transit Operator', 65421.61, 17088.38, 2489.26, 0.00),
(25081, 2011, 115, 'Transit Operator', 66367.62, 17578.43, 959.72, 0.00),
(25227, 2011, 107, 'Registered Nurse', 84088.62, 0.00, 786.15, 0.00),
(25304, 2011, 114, 'Transit Operator', 66367.60, 16930.56, 1574.88, 0.00),
(25413, 2011, 154, 'Transit Operator', 66367.62, 17293.97, 1121.72, 0.00),
(25725, 2011, 140, 'Gardener', 61858.40, 19741.09, 2197.82, 0.00),
(26284, 2011, 124, 'Public Service Aide-Admin', 10419.86, 0.00, 0.00, 0.00),
(26848, 2011, 141, 'Transit Operator', 66367.63, 14169.57, 1309.43, 0.00),
(27419, 2011, 130, 'Registered Nurse', 78473.12, 0.00, 680.08, 0.00),
(27814, 2011, 142, 'Transit Operator', 66367.60, 11333.19, 2527.14, 0.00),
(28399, 2011, 149, 'Transit Operator', 65548.80, 11568.04, 1851.36, 0.00),
(28525, 2011, 101, 'Registered Nurse', 78473.13, 0.00, 360.08, 0.00),
(29562, 2011, 158, 'Transit Operator', 66367.62, 9770.67, 452.12, 0.00),
(29731, 2011, 147, 'Transit Operator', 65633.20, 8105.77, 2404.99, 0.00),
(30335, 2011, 121, 'Registered Nurse', 73384.80, 0.00, 608.08, 0.00),
(30784, 2011, 133, 'Transit Operator', 66367.60, 6010.51, 1042.14, 0.00),
(31333, 2011, 123, 'Registered Nurse', 69056.40, 0.00, 3218.06, 0.00),
(31745, 2011, 139, 'Transit Operator', 66367.60, 4830.43, 501.95, 0.00),
(32491, 2011, 159, 'Transit Operator', 53094.08, 14389.83, 1563.14, 0.00),
(32588, 2011, 112, 'Lieutenant, Fire Suppression', 40751.05, 1716.43, 26084.59, 0.00),
(32986, 2011, 156, 'Lieutenant, Fire Suppression', 58712.50, 0.00, 712.50, 0.00),
(33036, 2011, 155, 'Transit Operator', 44888.60, 11486.29, 2197.82, 0.00),
(33534, 2011, 129, 'Transit Operator', 42938.80, 12431.14, 1573.14, 0.00),
(33734, 2011, 128, 'Transit Operator', 38942.80, 13813.14, 2197.82, 0.00),
(34633, 2011, 110, 'Registered Nurse', 49056.40, 0.00, 3218.06, 0.00),
(35011, 2011, 136, 'Registered Nurse', 42497.40, 0.00, 574.68, 0.00),
(35123, 2011, 103, 'Registered Nurse', 41256.40, 0.00, 1218.06, 0.00),
(35455, 2011, 146, 'Transit Operator', 26367.60, 11333.19, 2527.14, 0.00),
(35987, 2011, 160, 'Lieutenant, Fire Suppression', 8712.50, 0.00, 712.50, 0.00),
(36841, 2012, 117, 'Captain, Fire Suppression', 147883.01, 88164.72, 30335.79, 41102.39),
(38045, 2012, 125, 'Battalion Chief, Fire Suppress', 147883.00, 0.00, 19280.24, 21102.39),
(39812, 2012, 148, 'Deputy Chief 3', 266086.00, 0.00, 3866.00, 51000.00),
(40122, 2012, 105, 'Special Nurse', 120996.16, 0.00, 521.84, 10234.00),
(40345, 2012, 111, 'Dentist', 205632.03, 0.00, 1500.00, 35000.00),
(45101, 2012, 138, 'Police Officer 3', 119110.15, 8331.43, 7569.25, 20000.00),
(45432, 2012, 106, 'Special Nurse', 119406.88, 0.00, 4822.42, 12000.00),
(45831, 2012, 152, 'Transit Operator', 70367.62, 40862.62, 2769.74, 15000.00),
(46011, 2012, 131, 'Police Officer 3', 118411.02, 2811.23, 1000.00, 19500.00),
(47032, 2012, 137, 'Inspector 3', 115976.13, 560.84, 1874.12, 18000.00),
(48212, 2012, 151, 'Inspector 3', 115976.13, 1221.72, 100.00, 18000.00),
(48810, 2012, 143, 'Assoc Engineer', 112399.11, 0.00, 0.00, 22000.00),
(48831, 2012, 108, 'Health Educator', 85512.20, 0.00, 21391.24, 11000.00),
(49011, 2012, 118, 'Police Officer 3', 109934.30, 439.46, 305.20, 17500.00),
(49543, 2012, 144, 'Police Officer 3', 109934.20, 0.00, 240.20, 17500.00),
(49812, 2012, 132, 'Registered Nurse', 105416.03, 403.48, 2603.23, 16000.00),
(50110, 2012, 157, 'Police Officer 3', 105851.01, 1238.16, 500.00, 16500.00),
(51241, 2012, 116, 'Transit Operator', 72025.68, 23978.71, 3505.77, 14500.00),
(51889, 2012, 120, 'Registered Nurse', 101904.05, 0.00, 2049.20, 15500.00),
(52110, 2012, 153, 'Registered Nurse', 101904.03, 0.00, 1118.06, 15500.00),
(52431, 2012, 145, 'Registered Nurse', 101904.00, 0.00, 477.58, 15500.00),
(52881, 2012, 134, 'Transit Operator', 72142.41, 19793.59, 3991.95, 14000.00),
(53011, 2012, 119, 'Transit Operator', 70367.65, 21458.76, 1238.00, 13500.00),
(53543, 2012, 102, 'Registered Nurse', 96497.80, 0.00, 1284.14, 14500.00),
(53812, 2012, 127, 'Registered Nurse', 96497.51, 0.00, 1032.08, 14500.00),
(54011, 2012, 150, 'Registered Nurse', 96497.43, 0.00, 676.08, 14500.00),
(54321, 2012, 122, 'Registered Nurse', 96497.40, 0.00, 574.68, 14500.00),
(54881, 2012, 104, 'Transit Operator', 70367.60, 17641.48, 2580.48, 13000.00),
(55011, 2012, 126, 'Transit Operator', 70367.60, 16289.43, 501.95, 13000.00),
(55432, 2012, 113, 'Transit Operator', 70367.60, 14822.36, 1572.77, 13000.00),
(55812, 2012, 135, 'Transit Operator', 70367.60, 15749.61, 558.12, 13000.00),
(56011, 2012, 109, 'Transit Operator', 69421.61, 14088.38, 2489.26, 12500.00),
(56431, 2012, 115, 'Transit Operator', 70367.62, 14578.43, 959.72, 13000.00),
(56881, 2012, 107, 'Registered Nurse', 88088.62, 0.00, 786.15, 13500.00),
(57011, 2012, 114, 'Transit Operator', 70367.60, 13930.56, 1574.88, 13000.00),
(57342, 2012, 154, 'Transit Operator', 70367.62, 14293.97, 1121.72, 13000.00),
(57881, 2012, 140, 'Gardener', 65858.40, 15741.09, 2197.82, 11500.00),
(58122, 2012, 124, 'Public Service Aide-Admin', 12419.86, 0.00, 0.00, 2500.00),
(58432, 2012, 141, 'Transit Operator', 70367.63, 11169.57, 1309.43, 13000.00),
(58812, 2012, 130, 'Registered Nurse', 82473.12, 0.00, 680.08, 12500.00),
(59011, 2012, 142, 'Transit Operator', 70367.60, 8333.19, 2527.14, 13000.00),
(59432, 2012, 149, 'Transit Operator', 69548.80, 8568.04, 1851.36, 12500.00),
(59812, 2012, 101, 'Registered Nurse', 82473.13, 0.00, 360.08, 12500.00),
(60110, 2012, 158, 'Transit Operator', 70367.62, 6770.67, 452.12, 13000.00),
(60432, 2012, 147, 'Transit Operator', 69633.20, 5105.77, 2404.99, 12500.00),
(60881, 2012, 121, 'Registered Nurse', 77384.80, 0.00, 608.08, 12000.00),
(61011, 2012, 133, 'Transit Operator', 70367.60, 3010.51, 1042.14, 13000.00),
(61432, 2012, 123, 'Registered Nurse', 73056.40, 0.00, 3218.06, 11500.00),
(61881, 2012, 139, 'Transit Operator', 70367.60, 1830.43, 501.95, 13000.00),
(62110, 2012, 159, 'Transit Operator', 57094.08, 11389.83, 1563.14, 11000.00),
(62543, 2012, 112, 'Lieutenant, Fire Suppression', 44751.05, 1116.43, 22084.59, 15000.00),
(62881, 2012, 156, 'Lieutenant, Fire Suppression', 62712.50, 0.00, 712.50, 18000.00),
(63011, 2012, 136, 'Registered Nurse', 46497.40, 0.00, 574.68, 8000.00),
(63432, 2012, 103, 'Registered Nurse', 45256.40, 0.00, 1218.06, 7500.00),
(63881, 2012, 146, 'Transit Operator', 30367.60, 8333.19, 2527.14, 6000.00),
(64011, 2012, 160, 'Lieutenant, Fire Suppression', 12712.50, 0.00, 712.50, 4000.00),
(73489, 2013, 117, 'Captain, Fire Suppression', 151241.00, 92431.20, 28410.15, 43912.40),
(74812, 2013, 125, 'Battalion Chief, Fire Suppress', 151241.00, 0.00, 17410.20, 23912.40),
(76011, 2013, 148, 'Deputy Chief 3', 271241.00, 0.00, 2410.15, 54912.40),
(76881, 2013, 105, 'Special Nurse', 125102.10, 0.00, 412.10, 11412.40),
(77121, 2013, 111, 'Dentist', 208142.10, 0.00, 1200.20, 36412.40),
(81432, 2013, 138, 'Police Officer 3', 122412.10, 7510.40, 6810.15, 22412.40),
(81881, 2013, 106, 'Special Nurse', 122901.40, 0.00, 4102.15, 13412.40),
(82110, 2013, 152, 'Transit Operator', 72410.15, 36410.15, 2102.15, 16412.40),
(82432, 2013, 131, 'Police Officer 3', 121412.10, 2102.15, 800.20, 21912.40),
(83011, 2013, 137, 'Inspector 3', 118412.10, 412.10, 1510.15, 20412.40),
(84122, 2013, 151, 'Inspector 3', 118412.10, 1002.15, 50.15, 20412.40),
(84881, 2013, 143, 'Assoc Engineer', 115124.10, 0.00, 0.00, 24412.40),
(85011, 2013, 108, 'Health Educator', 88124.10, 0.00, 19412.40, 12412.40),
(85432, 2013, 118, 'Police Officer 3', 112142.10, 310.15, 210.15, 19912.40),
(85881, 2013, 144, 'Police Officer 3', 112142.10, 0.00, 150.15, 19912.40),
(86011, 2013, 132, 'Registered Nurse', 108142.10, 310.15, 2142.10, 18412.40),
(86432, 2013, 157, 'Police Officer 3', 108412.10, 1002.15, 412.10, 18912.40),
(87110, 2013, 116, 'Transit Operator', 74124.10, 21412.40, 3102.15, 15912.40),
(87881, 2013, 120, 'Registered Nurse', 104142.10, 0.00, 1841.10, 17912.40),
(88110, 2013, 153, 'Registered Nurse', 104142.10, 0.00, 941.10, 17912.40),
(88432, 2013, 145, 'Registered Nurse', 104142.10, 0.00, 310.15, 17912.40),
(88812, 2013, 134, 'Transit Operator', 74142.10, 17412.40, 3412.40, 15412.40),
(89011, 2013, 119, 'Transit Operator', 72412.10, 19124.10, 1002.15, 14912.40),
(89432, 2013, 102, 'Registered Nurse', 98142.10, 0.00, 1002.15, 16412.40),
(89812, 2013, 127, 'Registered Nurse', 98142.10, 0.00, 841.10, 16412.40),
(90110, 2013, 150, 'Registered Nurse', 98142.10, 0.00, 541.10, 16412.40),
(90432, 2013, 122, 'Registered Nurse', 98142.10, 0.00, 412.10, 16412.40),
(90881, 2013, 104, 'Transit Operator', 72412.10, 15124.10, 2142.10, 14412.40),
(91011, 2013, 126, 'Transit Operator', 72412.10, 14124.10, 412.10, 14412.40),
(91432, 2013, 113, 'Transit Operator', 72412.10, 12142.10, 1242.10, 14412.40),
(91881, 2013, 135, 'Transit Operator', 72412.10, 13124.10, 412.10, 14412.40),
(92110, 2013, 109, 'Transit Operator', 71412.10, 12142.10, 2142.10, 13912.40),
(92543, 2013, 115, 'Transit Operator', 72412.10, 12412.40, 841.10, 14412.40),
(92881, 2013, 107, 'Registered Nurse', 90142.10, 0.00, 641.10, 14912.40),
(93011, 2013, 114, 'Transit Operator', 72412.10, 11912.40, 1242.10, 14412.40),
(93432, 2013, 154, 'Transit Operator', 72412.10, 12142.10, 941.10, 14412.40),
(93881, 2013, 140, 'Gardener', 67412.10, 13142.10, 1841.10, 12912.40),
(94110, 2013, 124, 'Public Service Aide-Admin', 14124.10, 0.00, 0.00, 3102.15),
(94543, 2013, 141, 'Transit Operator', 72412.10, 9142.10, 1102.15, 14412.40),
(94881, 2013, 130, 'Registered Nurse', 84142.10, 0.00, 541.10, 13912.40),
(95011, 2013, 142, 'Transit Operator', 72412.10, 6741.10, 2142.10, 14412.40),
(95432, 2013, 149, 'Transit Operator', 71412.10, 6941.10, 1541.10, 13912.40),
(95881, 2013, 101, 'Registered Nurse', 84142.10, 0.00, 241.10, 13912.40),
(96011, 2013, 158, 'Transit Operator', 72412.10, 5142.10, 310.15, 14412.40),
(96432, 2013, 147, 'Transit Operator', 71412.10, 3941.10, 2041.10, 13912.40),
(96881, 2013, 121, 'Registered Nurse', 79142.10, 0.00, 541.10, 13412.40),
(97011, 2013, 133, 'Transit Operator', 72412.10, 1841.10, 910.15, 14412.40),
(97432, 2013, 123, 'Registered Nurse', 75142.10, 0.00, 2841.10, 12912.40),
(97881, 2013, 139, 'Transit Operator', 72412.10, 912.40, 412.10, 14412.40),
(98110, 2013, 159, 'Transit Operator', 59124.10, 9124.10, 1242.10, 12412.40),
(98543, 2013, 112, 'Lieutenant, Fire Suppression', 46412.10, 841.10, 20142.10, 16912.40),
(98881, 2013, 156, 'Lieutenant, Fire Suppression', 64124.10, 0.00, 512.10, 19912.40),
(99011, 2013, 136, 'Registered Nurse', 48142.10, 0.00, 412.10, 9102.15),
(99432, 2013, 103, 'Registered Nurse', 46912.10, 0.00, 1002.15, 8412.40),
(99881, 2013, 146, 'Transit Operator', 32412.10, 6741.10, 2142.10, 7102.15),
(100110, 2013, 160, 'Lieutenant, Fire Suppression', 14124.10, 0.00, 512.10, 4912.40),
(110595, 2014, 117, 'Captain, Fire Suppression', 149312.10, 81432.10, 26912.10, 44102.40),
(111432, 2014, 125, 'Battalion Chief, Fire Suppress', 149312.10, 0.00, 16432.10, 24102.40),
(112110, 2014, 148, 'Deputy Chief 3', 273110.10, 0.00, 1912.10, 55102.40),
(112543, 2014, 105, 'Special Nurse', 127102.10, 0.00, 310.10, 11912.40),
(112881, 2014, 111, 'Dentist', 209912.10, 0.00, 1002.10, 37102.40),
(115432, 2014, 138, 'Police Officer 3', 124110.10, 6912.10, 6112.10, 23102.40),
(115881, 2014, 106, 'Special Nurse', 124901.40, 0.00, 3912.10, 13912.40),
(116110, 2014, 152, 'Transit Operator', 74110.10, 33110.10, 1912.10, 16912.40),
(116432, 2014, 131, 'Police Officer 3', 123110.10, 1912.10, 612.10, 22102.40),
(117011, 2014, 137, 'Inspector 3', 119912.10, 312.10, 1212.10, 21102.40),
(117881, 2014, 151, 'Inspector 3', 119912.10, 912.10, 12.10, 21102.40),
(118432, 2014, 143, 'Assoc Engineer', 117110.10, 0.00, 0.00, 25102.40),
(118810, 2014, 108, 'Health Educator', 90110.10, 0.00, 18110.10, 12912.40),
(119110, 2014, 118, 'Police Officer 3', 114110.10, 212.10, 110.10, 20102.40),
(119432, 2014, 144, 'Police Officer 3', 114110.10, 0.00, 10.10, 20102.40),
(119881, 2014, 132, 'Registered Nurse', 109912.10, 212.10, 1912.10, 18912.40),
(120110, 2014, 157, 'Police Officer 3', 109912.10, 912.10, 312.10, 19102.40),
(120881, 2014, 116, 'Transit Operator', 75912.10, 19110.10, 2912.10, 16102.40),
(121110, 2014, 120, 'Registered Nurse', 105912.10, 0.00, 1612.10, 18102.40),
(121432, 2014, 153, 'Registered Nurse', 105912.10, 0.00, 812.10, 18102.40),
(121881, 2014, 145, 'Registered Nurse', 105912.10, 0.00, 212.10, 18102.40),
(122110, 2014, 134, 'Transit Operator', 75912.10, 15912.10, 3110.10, 15912.40),
(122432, 2014, 119, 'Transit Operator', 74110.10, 17912.10, 912.10, 15102.40),
(122881, 2014, 102, 'Registered Nurse', 99912.10, 0.00, 912.10, 16912.40),
(123011, 2014, 127, 'Registered Nurse', 99912.10, 0.00, 712.10, 16912.40),
(123432, 2014, 150, 'Registered Nurse', 99912.10, 0.00, 412.10, 16912.40),
(123881, 2014, 122, 'Registered Nurse', 99912.10, 0.00, 312.10, 16912.40),
(124110, 2014, 104, 'Transit Operator', 74110.10, 13912.10, 1912.10, 14912.40),
(124432, 2014, 126, 'Transit Operator', 74110.10, 12912.10, 312.10, 14912.40),
(124881, 2014, 113, 'Transit Operator', 74110.10, 10912.10, 1002.10, 14912.40),
(125011, 2014, 135, 'Transit Operator', 74110.10, 11912.10, 312.10, 14912.40),
(125432, 2014, 109, 'Transit Operator', 73110.10, 10912.10, 1912.10, 14102.40),
(125881, 2014, 115, 'Transit Operator', 74110.10, 11110.10, 712.10, 14912.40),
(126110, 2014, 107, 'Registered Nurse', 91912.10, 0.00, 512.10, 15102.40),
(126432, 2014, 114, 'Transit Operator', 74110.10, 10110.10, 1002.10, 14912.40),
(126881, 2014, 154, 'Transit Operator', 74110.10, 10912.10, 812.10, 14912.40),
(127110, 2014, 140, 'Gardener', 69110.10, 11912.10, 1612.10, 13102.40),
(127432, 2014, 124, 'Public Service Aide-Admin', 15912.10, 0.00, 0.00, 3410.10),
(127881, 2014, 141, 'Transit Operator', 74110.10, 7912.10, 1002.10, 14912.40),
(128110, 2014, 130, 'Registered Nurse', 85912.10, 0.00, 412.10, 14102.40),
(128432, 2014, 142, 'Transit Operator', 74110.10, 5912.10, 1912.10, 14912.40),
(128881, 2014, 149, 'Transit Operator', 73110.10, 5110.10, 1312.10, 14102.40),
(129011, 2014, 101, 'Registered Nurse', 85912.10, 0.00, 112.10, 14102.40),
(129432, 2014, 158, 'Transit Operator', 74110.10, 3912.10, 110.10, 14912.40),
(129881, 2014, 147, 'Transit Operator', 73110.10, 2110.10, 1912.10, 14102.40),
(130110, 2014, 121, 'Registered Nurse', 80912.10, 0.00, 412.10, 13912.40),
(130432, 2014, 133, 'Transit Operator', 74110.10, 912.10, 810.10, 14912.40),
(130881, 2014, 123, 'Registered Nurse', 76912.10, 0.00, 2612.10, 13102.40),
(131110, 2014, 139, 'Transit Operator', 74110.10, 212.10, 312.10, 14912.40),
(131432, 2014, 159, 'Transit Operator', 60912.10, 7912.10, 1002.10, 12912.40),
(131881, 2014, 112, 'Lieutenant, Fire Suppression', 48110.10, 212.10, 19912.10, 17102.40),
(132110, 2014, 156, 'Lieutenant, Fire Suppression', 65912.10, 0.00, 312.10, 20102.40),
(132432, 2014, 136, 'Registered Nurse', 49912.10, 0.00, 312.10, 9912.10),
(132881, 2014, 103, 'Registered Nurse', 48912.10, 0.00, 912.10, 8912.40),
(133011, 2014, 146, 'Transit Operator', 34110.10, 5912.10, 1912.10, 7912.10),
(133432, 2014, 160, 'Lieutenant, Fire Suppression', 15912.10, 0.00, 312.10, 5110.10)