-- 02_inserts.sql (PostgreSQL Format - Complete Raw Dataset)
-- 1. INSERTING USERS (250 Rows with realistic names, emails & intentional NULLs)
INSERT INTO users (user_id, username, email, phone, country, joined_date) VALUES
(1, 'omar_khan1', 'omar_khan1@gmail.com', '+923005614226', 'Pakistan', '2026-02-5'),
(2, 'asif_brown2', 'asif_brown2@gmail.com', '+923002458591', 'Pakistan', '2026-04-2'),
(3, 'ali_ali3', 'ali_ali3@gmail.com', '+923004668136', 'Pakistan', '2026-01-18'),
(4, 'haris_brown4', 'haris_brown4@gmail.com', '+923008038374', 'Pakistan', '2026-04-19'),
(5, 'waqas_khan5', 'waqas_khan5@gmail.com', '+923003678638', 'Pakistan', '2026-03-9'),
(6, 'fahad_raza6', 'fahad_raza6@gmail.com', '+923006647119', 'Pakistan', '2026-01-13'),
(7, 'asif_zafar7', 'asif_zafar7@gmail.com', '+923006770619', 'Pakistan', '2026-03-26'),
(8, 'ahmed_smith8', 'ahmed_smith8@gmail.com', '+923009996414', 'Pakistan', '2026-04-3'),
(9, 'yasir_zafar9', 'yasir_zafar9@gmail.com', '+923004226067', 'Pakistan', '2026-01-22'),
(10, 'anas_iqbal10', 'anas_iqbal10@gmail.com', '+923002338687', 'Pakistan', '2026-01-13'),
(11, 'waqas_smith11', 'waqas_smith11@gmail.com', '+923007120868', 'Pakistan', '2026-03-12'),
(12, 'saad_mugahal12', NULL, '+923002197935', 'Pakistan', '2026-02-18'),
(13, 'salman_siddiqui13', 'salman_siddiqui13@gmail.com', '+923008755439', 'Pakistan', '2026-03-21'),
(14, 'anas_hussain14', 'anas_hussain14@gmail.com', '+923001938483', 'Pakistan', '2026-01-26'),
(15, 'sara_butt15', 'sara_butt15@gmail.com', NULL, 'Pakistan', '2026-01-7'),
(16, 'sara_raza16', 'sara_raza16@gmail.com', '+923009375710', 'Pakistan', '2026-04-5'),
(17, 'zubair_malik17', 'zubair_malik17@gmail.com', '+923005137722', 'Pakistan', '2026-03-24'),
(18, 'nida_butt18', 'nida_butt18@gmail.com', '+923007073292', 'Pakistan', '2026-02-17'),
(19, 'michael_ali19', 'michael_ali19@gmail.com', '+923001790481', 'Pakistan', '2026-02-21'),
(20, 'siddique_dar20', 'siddique_dar20@gmail.com', '+923002065818', 'Pakistan', '2026-04-20'),
(21, 'anum_williams21', 'anum_williams21@gmail.com', '+923005218028', 'Pakistan', '2026-01-22'),
(22, 'omar_brown22', 'omar_brown22@gmail.com', '+923005476583', 'UK', '2026-03-4'),
(23, 'yasir_dar23', 'yasir_dar23@gmail.com', '+923003653446', 'Pakistan', '2026-01-24'),
(24, 'zubair_williams24', NULL, '+923003997281', 'Pakistan', '2026-01-28'),
(25, 'junaid_williams25', 'junaid_williams25@gmail.com', '+923004337174', 'Pakistan', '2026-03-25'),
(26, 'siddique_brown26', 'siddique_brown26@gmail.com', '+923009897858', 'Pakistan', '2026-03-16'),
(27, 'ali_sheikh27', 'ali_sheikh27@gmail.com', '+923007089806', 'Pakistan', '2026-02-2'),
(28, 'salman_ali28', 'salman_ali28@gmail.com', '+923002437026', 'Pakistan', '2026-01-25'),
(29, 'jessica_malik29', 'jessica_malik29@gmail.com', '+923003154051', 'Canada', '2026-04-18'),
(30, 'siddique_mugahal30', 'siddique_mugahal30@gmail.com', NULL, 'Pakistan', '2026-04-7'),
(31, 'jessica_raza31', 'jessica_raza31@gmail.com', '+923006229731', 'Pakistan', '2026-03-15'),
(32, 'david_smith32', 'david_smith32@gmail.com', '+923003030113', 'Pakistan', '2026-02-3'),
(33, 'aisha_khan33', 'aisha_khan33@gmail.com', '+923004860684', 'Pakistan', '2026-02-1'),
(34, 'bilal_ahmed34', 'bilal_ahmed34@gmail.com', '+923004841005', 'Pakistan', '2026-01-28'),
(35, 'aisha_ali35', 'aisha_ali35@gmail.com', '+923009626108', 'Pakistan', '2026-03-22'),
(36, 'michael_raza36', NULL, '+923003219824', 'Pakistan', '2026-04-8'),
(37, 'john_dar37', 'john_dar37@gmail.com', '+923004194548', 'Pakistan', '2026-01-22'),
(38, 'nida_zafar38', 'nida_zafar38@gmail.com', '+923008106470', 'Pakistan', '2026-04-28'),
(39, 'osama_sheikh39', 'osama_sheikh39@gmail.com', '+923002016911', 'Pakistan', '2026-03-26'),
(40, 'asif_shah40', 'asif_shah40@gmail.com', '+923004214348', 'Pakistan', '2026-04-5'),
(41, 'nida_siddiqui41', 'nida_siddiqui41@gmail.com', '+923005673212', 'Pakistan', '2026-02-28'),
(42, 'bilal_smith42', 'bilal_smith42@gmail.com', '+923002642635', 'Pakistan', '2026-01-3'),
(43, 'salman_siddiqui43', 'salman_siddiqui43@gmail.com', '+923007818496', 'Pakistan', '2026-04-7'),
(44, 'maryem_ahmed44', 'maryem_ahmed44@gmail.com', '+923003762152', 'Pakistan', '2026-01-13'),
(45, 'zubair_smith45', 'zubair_smith45@gmail.com', NULL, 'Pakistan', '2026-04-23'),
(46, 'michael_malik46', 'michael_malik46@gmail.com', '+923004185957', 'Pakistan', '2026-02-2'),
(47, 'jessica_ahmed47', 'jessica_ahmed47@gmail.com', '+923006261415', 'Pakistan', '2026-01-19'),
(48, 'john_williams48', NULL, '+923009910817', 'Pakistan', '2026-01-17'),
(49, 'hamza_siddiqui49', 'hamza_siddiqui49@gmail.com', '+923002149597', 'Pakistan', '2026-01-22'),
(50, 'salman_butt50', 'salman_butt50@gmail.com', '+923003011363', 'Pakistan', '2026-02-19'),
(51, 'ahmed_ali51', 'ahmed_ali51@gmail.com', '+923008033426', 'Canada', '2026-03-9'),
(52, 'saad_hussain52', 'saad_hussain52@gmail.com', '+923005004485', 'Pakistan', '2026-04-5'),
(53, 'junaid_smith53', 'junaid_smith53@gmail.com', '+923006304573', 'Pakistan', '2026-01-15'),
(54, 'asif_ali54', 'asif_ali54@gmail.com', '+923004576135', 'Pakistan', '2026-03-5'),
(55, 'fatima_ali55', 'fatima_ali55@gmail.com', '+923005098412', 'Pakistan', '2026-03-6'),
(56, 'zainab_brown56', 'zainab_brown56@gmail.com', '+923006075395', 'Pakistan', '2026-01-22'),
(57, 'junaid_sheikh57', 'junaid_sheikh57@gmail.com', '+923003253031', 'Pakistan', '2026-01-4'),
(58, 'fahad_mugahal58', 'fahad_mugahal58@gmail.com', '+923005727085', 'Pakistan', '2026-02-23'),
(59, 'aisha_raza59', 'aisha_raza59@gmail.com', '+923005428914', 'Pakistan', '2026-04-9'),
(60, 'osama_ali60', NULL, NULL, 'UAE', '2026-04-27'),
(61, 'waqas_ahmed61', 'waqas_ahmed61@gmail.com', '+923001059486', 'Pakistan', '2026-02-21'),
(62, 'zubair_siddiqui62', 'zubair_siddiqui62@gmail.com', '+923008412769', 'Pakistan', '2026-04-18'),
(63, 'zain_sheikh63', 'zain_sheikh63@gmail.com', '+923002262382', 'Pakistan', '2026-01-27'),
(64, 'amna_brown64', 'amna_brown64@gmail.com', '+923003484601', 'Pakistan', '2026-02-2'),
(65, 'junaid_zafar65', 'junaid_zafar65@gmail.com', '+923001669324', 'Pakistan', '2026-02-22'),
(66, 'salman_sheikh66', 'salman_sheikh66@gmail.com', '+923006933742', 'Pakistan', '2026-04-20'),
(67, 'fahad_shah67', 'fahad_shah67@gmail.com', '+923003726327', 'Pakistan', '2026-04-1'),
(68, 'raza_hussain68', 'raza_hussain68@gmail.com', '+923007907400', 'Germany', '2026-02-9'),
(69, 'siddique_sheikh69', 'siddique_sheikh69@gmail.com', '+923007417985', 'Pakistan', '2026-04-8'),
(70, 'haris_smith70', 'haris_smith70@gmail.com', '+923006866294', 'Pakistan', '2026-02-8'),
(71, 'ali_raza71', 'ali_raza71@gmail.com', '+923007685149', 'Pakistan', '2026-03-28'),
(72, 'bilal_mugahal72', NULL, '+923006891254', 'UK', '2026-04-22'),
(73, 'jessica_hussain73', 'jessica_hussain73@gmail.com', '+923001463060', 'Pakistan', '2026-03-6'),
(74, 'zubair_ahmed74', 'zubair_ahmed74@gmail.com', '+923002818692', 'Pakistan', '2026-04-12'),
(75, 'sara_dar75', 'sara_dar75@gmail.com', NULL, 'Pakistan', '2026-01-13'),
(76, 'haris_mugahal76', 'haris_mugahal76@gmail.com', '+923001744682', 'Pakistan', '2026-01-17'),
(77, 'jessica_raza77', 'jessica_raza77@gmail.com', '+923007110622', 'Pakistan', '2026-01-22'),
(78, 'aisha_hussain78', 'aisha_hussain78@gmail.com', '+923003090865', 'Pakistan', '2026-03-22'),
(79, 'hira_hussain79', 'hira_hussain79@gmail.com', '+923007751158', 'Pakistan', '2026-02-7'),
(80, 'hira_butt80', 'hira_butt80@gmail.com', '+923003919694', 'Pakistan', '2026-03-13'),
(81, 'zain_iqbal81', 'zain_iqbal81@gmail.com', '+923005813613', 'Pakistan', '2026-04-26'),
(82, 'sara_smith82', 'sara_smith82@gmail.com', '+923008411939', 'Pakistan', '2026-02-17'),
(83, 'john_siddiqui83', 'john_siddiqui83@gmail.com', '+923002422633', 'Pakistan', '2026-03-3'),
(84, 'salman_iqbal84', NULL, '+923004768844', 'Pakistan', '2026-02-1'),
(85, 'ahmed_shah85', 'ahmed_shah85@gmail.com', '+923008971465', 'Pakistan', '2026-01-15'),
(86, 'hira_raza86', 'hira_raza86@gmail.com', '+923007442089', 'Pakistan', '2026-04-8'),
(87, 'fahad_khan87', 'fahad_khan87@gmail.com', '+923002788238', 'Pakistan', '2026-02-6'),
(88, 'david_smith88', 'david_smith88@gmail.com', '+923001842524', 'Pakistan', '2026-02-28'),
(89, 'omar_smith89', 'omar_smith89@gmail.com', '+923003237058', 'Pakistan', '2026-03-25'),
(90, 'zainab_williams90', 'zainab_williams90@gmail.com', NULL, 'Pakistan', '2026-04-6'),
(91, 'john_smith91', 'john_smith91@gmail.com', '+923005348512', 'Pakistan', '2026-03-25'),
(92, 'david_johnson92', 'david_johnson92@gmail.com', '+923005013879', 'Pakistan', '2026-04-3'),
(93, 'yasir_shah93', 'yasir_shah93@gmail.com', '+923005558623', 'Pakistan', '2026-03-18'),
(94, 'hamza_malik94', 'hamza_malik94@gmail.com', '+923003530518', 'Pakistan', '2026-04-23'),
(95, 'fahad_raza95', 'fahad_raza95@gmail.com', '+923002077581', 'Pakistan', '2026-04-11'),
(96, 'jessica_smith96', NULL, '+923007975534', 'Pakistan', '2026-02-27'),
(97, 'hira_butt97', 'hira_butt97@gmail.com', '+923001327691', 'Pakistan', '2026-04-16'),
(98, 'zain_zafar98', 'zain_zafar98@gmail.com', '+923006009888', 'Pakistan', '2026-04-18'),
(99, 'jessica_shah99', 'jessica_shah99@gmail.com', '+923009191131', 'Pakistan', '2026-03-14'),
(100, 'michael_khan100', 'michael_khan100@gmail.com', '+923007523941', 'Pakistan', '2026-04-24'),
(101, 'siddique_smith101', 'siddique_smith101@gmail.com', '+923003141239', 'Pakistan', '2026-01-13'),
(102, 'ali_ali102', 'ali_ali102@gmail.com', '+923008190929', 'Pakistan', '2026-04-6'),
(103, 'osama_mugahal103', 'osama_mugahal103@gmail.com', '+923007360307', 'Pakistan', '2026-02-15'),
(104, 'sara_hussain104', 'sara_hussain104@gmail.com', '+923007360682', 'Pakistan', '2026-04-9'),
(105, 'hamza_johnson105', 'hamza_johnson105@gmail.com', NULL, 'Pakistan', '2026-01-12'),
(106, 'anas_ali106', 'anas_ali106@gmail.com', '+923001675419', 'Pakistan', '2026-02-7'),
(107, 'ali_malik107', 'ali_malik107@gmail.com', '+923005002120', 'Pakistan', '2026-04-22'),
(108, 'omar_raza108', NULL, '+923008801975', 'Pakistan', '2026-03-6'),
(109, 'omar_siddiqui109', 'omar_siddiqui109@gmail.com', '+923006218367', 'Pakistan', '2026-01-10'),
(110, 'sana_butt110', 'sana_butt110@gmail.com', '+923004327421', 'Pakistan', '2026-02-4'),
(111, 'junaid_sheikh111', 'junaid_sheikh111@gmail.com', '+923001689025', 'Pakistan', '2026-04-22'),
(112, 'amna_ali112', 'amna_ali112@gmail.com', '+923009488613', 'UK', '2026-03-1'),
(113, 'hira_johnson113', 'hira_johnson113@gmail.com', '+923002770648', 'Pakistan', '2026-03-21'),
(114, 'anum_malik114', 'anum_malik114@gmail.com', '+923008306261', 'Pakistan', '2026-03-20'),
(115, 'jessica_johnson115', 'jessica_johnson115@gmail.com', '+923008799287', 'Pakistan', '2026-03-11'),
(116, 'salman_ali116', 'salman_ali116@gmail.com', '+923005679639', 'Pakistan', '2026-02-25'),
(117, 'anum_butt117', 'anum_butt117@gmail.com', '+923006643798', 'Pakistan', '2026-04-28'),
(118, 'sara_siddiqui118', 'sara_siddiqui118@gmail.com', '+923009179730', 'Pakistan', '2026-03-26'),
(119, 'zubair_hussain119', 'zubair_hussain119@gmail.com', '+923005691890', 'Pakistan', '2026-03-18'),
(120, 'zain_williams120', NULL, NULL, 'Pakistan', '2026-01-8'),
(121, 'hira_johnson121', 'hira_johnson121@gmail.com', '+923005031966', 'Pakistan', '2026-04-15'),
(122, 'ali_ali122', 'ali_ali122@gmail.com', '+923005936453', 'Pakistan', '2026-04-23'),
(123, 'salman_iqbal123', 'salman_iqbal123@gmail.com', '+923007191135', 'Pakistan', '2026-03-14'),
(124, 'aisha_zafar124', 'aisha_zafar124@gmail.com', '+923008612582', 'Pakistan', '2026-03-9'),
(125, 'anas_sheikh125', 'anas_sheikh125@gmail.com', '+923004231028', 'Pakistan', '2026-01-24'),
(126, 'jessica_siddiqui126', 'jessica_siddiqui126@gmail.com', '+923004213524', 'Pakistan', '2026-04-9'),
(127, 'david_iqbal127', 'david_iqbal127@gmail.com', '+923002686548', 'Pakistan', '2026-03-8'),
(128, 'amna_siddiqui128', 'amna_siddiqui128@gmail.com', '+923006071208', 'Pakistan', '2026-02-9'),
(129, 'ahmed_ahmed129', 'ahmed_ahmed129@gmail.com', '+923005901239', 'Pakistan', '2026-04-4'),
(130, 'zain_iqbal130', 'zain_iqbal130@gmail.com', '+923008875173', 'Pakistan', '2026-04-11'),
(131, 'raza_ahmed131', 'raza_ahmed131@gmail.com', '+923005235884', 'Pakistan', '2026-01-27'),
(132, 'bilal_butt132', NULL, '+923009250138', 'Pakistan', '2026-01-5'),
(133, 'fahad_iqbal133', 'fahad_iqbal133@gmail.com', '+923002429098', 'Pakistan', '2026-01-18'),
(134, 'hira_shah134', 'hira_shah134@gmail.com', '+923009767312', 'Pakistan', '2026-04-15'),
(135, 'junaid_dar135', 'junaid_dar135@gmail.com', NULL, 'Pakistan', '2026-01-20'),
(136, 'asif_raza136', 'asif_raza136@gmail.com', '+923004540415', 'Pakistan', '2026-01-6'),
(137, 'salman_siddiqui137', 'salman_siddiqui137@gmail.com', '+923002259379', 'Pakistan', '2026-01-14'),
(138, 'zainab_johnson138', 'zainab_johnson138@gmail.com', '+923005886520', 'Pakistan', '2026-02-10'),
(139, 'yasir_smith139', 'yasir_smith139@gmail.com', '+923002194198', 'Pakistan', '2026-03-26'),
(140, 'haris_dar140', 'haris_dar140@gmail.com', '+923002925626', 'Pakistan', '2026-02-21'),
(141, 'fahad_mugahal141', 'fahad_mugahal141@gmail.com', '+923003386328', 'Pakistan', '2026-01-6'),
(142, 'junaid_iqbal142', 'junaid_iqbal142@gmail.com', '+923008367772', 'Pakistan', '2026-04-23'),
(143, 'junaid_butt143', 'junaid_butt143@gmail.com', '+923005567533', 'Pakistan', '2026-04-15'),
(144, 'hamza_ahmed144', NULL, '+923008248238', 'Pakistan', '2026-03-1'),
(145, 'hamza_shah145', 'hamza_shah145@gmail.com', '+923001348050', 'Pakistan', '2026-01-25'),
(146, 'raza_johnson146', 'raza_johnson146@gmail.com', '+923009706768', 'Saudi Arabia', '2026-04-9'),
(147, 'raza_dar147', 'raza_dar147@gmail.com', '+923009249789', 'Pakistan', '2026-04-12'),
(148, 'hira_hussain148', 'hira_hussain148@gmail.com', '+923006386463', 'Germany', '2026-01-28'),
(149, 'siddique_hussain149', 'siddique_hussain149@gmail.com', '+923007906258', 'Pakistan', '2026-03-22'),
(150, 'maryem_brown150', 'maryem_brown150@gmail.com', NULL, 'Pakistan', '2026-04-3'),
(151, 'sara_mugahal151', 'sara_mugahal151@gmail.com', '+923006423634', 'Pakistan', '2026-04-28'),
(152, 'sarah_khan152', 'sarah_khan152@gmail.com', '+923008750676', 'Pakistan', '2026-01-7'),
(153, 'david_zafar153', 'david_zafar153@gmail.com', '+923009363326', 'USA', '2026-04-25'),
(154, 'osama_raza154', 'osama_raza154@gmail.com', '+923005480460', 'Pakistan', '2026-02-10'),
(155, 'zainab_johnson155', 'zainab_johnson155@gmail.com', '+923003037191', 'Pakistan', '2026-02-23'),
(156, 'siddique_iqbal156', NULL, '+923001229419', 'Pakistan', '2026-04-3'),
(157, 'anas_sheikh157', 'anas_sheikh157@gmail.com', '+923008741810', 'Pakistan', '2026-02-16'),
(158, 'yasir_williams158', 'yasir_williams158@gmail.com', '+923005587308', 'Pakistan', '2026-04-16'),
(159, 'salman_smith159', 'salman_smith159@gmail.com', '+923003426689', 'Pakistan', '2026-02-20'),
(160, 'sarah_malik160', 'sarah_malik160@gmail.com', '+923002171218', 'Pakistan', '2026-04-11'),
(161, 'sarah_mugahal161', 'sarah_mugahal161@gmail.com', '+923001043037', 'Pakistan', '2026-03-27'),
(162, 'michael_malik162', 'michael_malik162@gmail.com', '+923008491822', 'Pakistan', '2026-04-12'),
(163, 'aisha_brown163', 'aisha_brown163@gmail.com', '+923007328534', 'Pakistan', '2026-03-28'),
(164, 'haris_shah164', 'haris_shah164@gmail.com', '+923007425184', 'Pakistan', '2026-04-2'),
(165, 'sara_johnson165', 'sara_johnson165@gmail.com', NULL, 'Pakistan', '2026-04-22'),
(166, 'fahad_johnson166', 'fahad_johnson166@gmail.com', '+923001621086', 'Pakistan', '2026-03-28'),
(167, 'asif_smith167', 'asif_smith167@gmail.com', '+923002672884', 'Pakistan', '2026-04-1'),
(168, 'fahad_dar168', NULL, '+923003589751', 'Pakistan', '2026-04-26'),
(169, 'zubair_hussain169', 'zubair_hussain169@gmail.com', '+923007668663', 'Saudi Arabia', '2026-01-28'),
(170, 'aisha_brown170', 'aisha_brown170@gmail.com', '+923007375499', 'Pakistan', '2026-04-28'),
(171, 'jessica_ahmed171', 'jessica_ahmed171@gmail.com', '+923002147909', 'Pakistan', '2026-03-8'),
(172, 'hamza_dar172', 'hamza_dar172@gmail.com', '+923002651601', 'UAE', '2026-01-15'),
(173, 'siddique_iqbal173', 'siddique_iqbal173@gmail.com', '+923001485654', 'Pakistan', '2026-03-26'),
(174, 'osama_iqbal174', 'osama_iqbal174@gmail.com', '+923007014016', 'Pakistan', '2026-04-5'),
(175, 'salman_williams175', 'salman_williams175@gmail.com', '+923007913081', 'Pakistan', '2026-02-6'),
(176, 'raza_ali176', 'raza_ali176@gmail.com', '+923007418028', 'Pakistan', '2026-02-16'),
(177, 'fahad_shah177', 'fahad_shah177@gmail.com', '+923008736811', 'UAE', '2026-03-15'),
(178, 'zubair_khan178', 'zubair_khan178@gmail.com', '+923008805654', 'Pakistan', '2026-02-3'),
(179, 'zainab_zafar179', 'zainab_zafar179@gmail.com', '+923006018975', 'UAE', '2026-04-23'),
(180, 'zubair_smith180', NULL, NULL, 'Pakistan', '2026-02-13'),
(181, 'john_sheikh181', 'john_sheikh181@gmail.com', '+923004979651', 'Pakistan', '2026-03-19'),
(182, 'yasir_iqbal182', 'yasir_iqbal182@gmail.com', '+923001368085', 'Canada', '2026-04-9'),
(183, 'zain_ahmed183', 'zain_ahmed183@gmail.com', '+923009333700', 'Pakistan', '2026-02-20'),
(184, 'fatima_shah184', 'fatima_shah184@gmail.com', '+923004189885', 'Pakistan', '2026-03-22'),
(185, 'mustafa_sheikh185', 'mustafa_sheikh185@gmail.com', '+923001661401', 'Pakistan', '2026-04-2'),
(186, 'amna_malik186', 'amna_malik186@gmail.com', '+923002512187', 'Pakistan', '2026-03-24'),
(187, 'hira_siddiqui187', 'hira_siddiqui187@gmail.com', '+923004368777', 'Pakistan', '2026-03-17'),
(188, 'sarah_mugahal188', 'sarah_mugahal188@gmail.com', '+923003760597', 'Pakistan', '2026-04-26'),
(189, 'yasir_hussain189', 'yasir_hussain189@gmail.com', '+923002932227', 'Pakistan', '2026-01-5'),
(190, 'anas_butt190', 'anas_butt190@gmail.com', '+923007136687', 'Pakistan', '2026-04-1'),
(191, 'zubair_brown191', 'zubair_brown191@gmail.com', '+923003073474', 'Pakistan', '2026-03-22'),
(192, 'zubair_butt192', NULL, '+923007232293', 'Pakistan', '2026-02-16'),
(193, 'ali_brown193', 'ali_brown193@gmail.com', '+923006503032', 'Pakistan', '2026-02-21'),
(194, 'bilal_smith194', 'bilal_smith194@gmail.com', '+923006069909', 'Saudi Arabia', '2026-04-4'),
(195, 'mustafa_ahmed195', 'mustafa_ahmed195@gmail.com', NULL, 'Pakistan', '2026-03-16'),
(196, 'omar_sheikh196', 'omar_sheikh196@gmail.com', '+923004939290', 'Pakistan', '2026-02-13'),
(197, 'anum_zafar197', 'anum_zafar197@gmail.com', '+923008031780', 'Pakistan', '2026-02-14'),
(198, 'asif_johnson198', 'asif_johnson198@gmail.com', '+923007847048', 'Pakistan', '2026-01-23'),
(199, 'amna_raza199', 'amna_raza199@gmail.com', '+923008438733', 'Pakistan', '2026-02-28'),
(200, 'amna_sheikh200', 'amna_sheikh200@gmail.com', '+923007162857', 'Pakistan', '2026-03-2'),
(201, 'maryem_mugahal201', 'maryem_mugahal201@gmail.com', '+923004184459', 'Pakistan', '2026-04-3'),
(202, 'saad_khan202', 'saad_khan202@gmail.com', '+923001848566', 'Pakistan', '2026-02-5'),
(203, 'saad_ali203', 'saad_ali203@gmail.com', '+923004475523', 'Pakistan', '2026-02-27'),
(204, 'anas_hussain204', NULL, '+923003475548', 'Pakistan', '2026-01-9'),
(205, 'fahad_malik205', 'fahad_malik205@gmail.com', '+923005205279', 'Pakistan', '2026-01-22'),
(206, 'ali_malik206', 'ali_malik206@gmail.com', '+923001249314', 'Pakistan', '2026-02-19'),
(207, 'sara_khan207', 'sara_khan207@gmail.com', '+923003923366', 'Pakistan', '2026-01-5'),
(208, 'hira_williams208', 'hira_williams208@gmail.com', '+923002906718', 'Pakistan', '2026-04-15'),
(209, 'amna_williams209', 'amna_williams209@gmail.com', '+923002829622', 'Pakistan', '2026-02-20'),
(210, 'ahmed_williams210', 'ahmed_williams210@gmail.com', NULL, 'Pakistan', '2026-04-21'),
(211, 'ali_ahmed211', 'ali_ahmed211@gmail.com', '+923009035982', 'Pakistan', '2026-04-22'),
(212, 'asif_johnson212', 'asif_johnson212@gmail.com', '+923008441741', 'Pakistan', '2026-01-11'),
(213, 'fahad_ali213', 'fahad_ali213@gmail.com', '+923003117143', 'Pakistan', '2026-03-13'),
(214, 'david_iqbal214', 'david_iqbal214@gmail.com', '+923008612081', 'Pakistan', '2026-04-4'),
(215, 'omar_brown215', 'omar_brown215@gmail.com', '+923004607488', 'Pakistan', '2026-04-8'),
(216, 'hira_hussain216', NULL, '+923008608449', 'Pakistan', '2026-04-24'),
(217, 'asif_hussain217', 'asif_hussain217@gmail.com', '+923008159911', 'Pakistan', '2026-03-12'),
(218, 'fahad_johnson218', 'fahad_johnson218@gmail.com', '+923002126310', 'Pakistan', '2026-01-3'),
(219, 'nida_sheikh219', 'nida_sheikh219@gmail.com', '+923007251976', 'Pakistan', '2026-01-19'),
(220, 'aisha_sheikh220', 'aisha_sheikh220@gmail.com', '+923007892225', 'Pakistan', '2026-04-28'),
(221, 'osama_iqbal221', 'osama_iqbal221@gmail.com', '+923006242022', 'Pakistan', '2026-01-19'),
(222, 'sarah_raza222', 'sarah_raza222@gmail.com', '+923003595941', 'Canada', '2026-04-8'),
(223, 'asif_zafar223', 'asif_zafar223@gmail.com', '+923007166651', 'Pakistan', '2026-03-19'),
(224, 'anas_dar224', 'anas_dar224@gmail.com', '+923001440466', 'Pakistan', '2026-03-1'),
(225, 'raza_mugahal225', 'raza_mugahal225@gmail.com', NULL, 'Pakistan', '2026-03-12'),
(226, 'zain_siddiqui226', 'zain_siddiqui226@gmail.com', '+923003403361', 'Pakistan', '2026-04-3'),
(227, 'fahad_khan227', 'fahad_khan227@gmail.com', '+923002539438', 'Pakistan', '2026-02-13'),
(228, 'hira_smith228', NULL, '+923006719285', 'Pakistan', '2026-03-10'),
(229, 'sara_ali229', 'sara_ali229@gmail.com', '+923001882629', 'Pakistan', '2026-02-25'),
(230, 'osama_ali230', 'osama_ali230@gmail.com', '+923005565128', 'Pakistan', '2026-04-16'),
(231, 'zainab_dar231', 'zainab_dar231@gmail.com', '+923005582979', 'Pakistan', '2026-01-12'),
(232, 'nida_sheikh232', 'nida_sheikh232@gmail.com', '+923005752087', 'Pakistan', '2026-04-17'),
(233, 'junaid_ahmed233', 'junaid_ahmed233@gmail.com', '+923004699685', 'Pakistan', '2026-01-1'),
(234, 'saad_iqbal234', 'saad_iqbal234@gmail.com', '+923004543918', 'Pakistan', '2026-03-10'),
(235, 'sara_sheikh235', 'sara_sheikh235@gmail.com', '+923001129686', 'Pakistan', '2026-04-6'),
(236, 'mustafa_butt236', 'mustafa_butt236@gmail.com', '+923009935249', 'Pakistan', '2026-03-3'),
(237, 'maryem_ahmed237', 'maryem_ahmed237@gmail.com', '+923008318550', 'Pakistan', '2026-04-3'),
(238, 'sara_dar238', 'sara_dar238@gmail.com', '+923007785090', 'UAE', '2026-04-10'),
(239, 'omar_butt239', 'omar_butt239@gmail.com', '+923001349914', 'Pakistan', '2026-02-26'),
(240, 'anum_zafar240', NULL, NULL, 'Pakistan', '2026-04-28'),
(241, 'asif_shah241', 'asif_shah241@gmail.com', '+923008309439', 'Pakistan', '2026-04-17'),
(242, 'hamza_butt242', 'hamza_butt242@gmail.com', '+923006205543', 'Pakistan', '2026-02-11'),
(243, 'siddique_ali243', 'siddique_ali243@gmail.com', '+923009564488', 'UAE', '2026-01-17'),
(244, 'sarah_raza244', 'sarah_raza244@gmail.com', '+923006861544', 'Pakistan', '2026-02-8'),
(245, 'asif_malik245', 'asif_malik245@gmail.com', '+923005294434', 'Pakistan', '2026-02-20'),
(246, 'fahad_ali246', 'fahad_ali246@gmail.com', '+923003972018', 'USA', '2026-04-15'),
(247, 'zainab_hussain247', 'zainab_hussain247@gmail.com', '+923006303930', 'Pakistan', '2026-04-3'),
(248, 'john_smith248', 'john_smith248@gmail.com', '+923006080483', 'Pakistan', '2026-01-12'),
(249, 'sarah_ali249', 'sarah_ali249@gmail.com', '+923006207779', 'Pakistan', '2026-04-2'),
(250, 'osama_zafar250', 'osama_zafar250@gmail.com', '+923005816353', 'Pakistan', '2026-01-20');

-- 2. INSERTING EMPLOYEES (44 Rows with hierarchical reporting structure)
INSERT INTO employees (employee_id, first_name, last_name, department, salary, manager_id) VALUES
(101, 'Asif', 'Siddiqui', 'Management', 250000.00, NULL),
(102, 'Sarah', 'Butt', 'Marketing', 69819.76, 101),
(103, 'Ahmed', 'Smith', 'Customer Support', 54291.61, 101),
(104, 'John', 'Williams', 'Customer Support', 92463.34, 101),
(105, 'Zainab', 'Sheikh', 'Logistics', 93943.13, 102),
(106, 'Sarah', 'Siddiqui', 'Sales Operations', 49864.62, 101),
(107, 'Zainab', 'Smith', 'Customer Support', 56833.88, 101),
(108, 'Yasir', 'Butt', 'Marketing', 81467.89, 101),
(109, 'Osama', 'Hussain', 'Sales Operations', 54781.45, 101),
(110, 'Sana', 'Iqbal', 'Logistics', 78424.02, 103),
(111, 'Aisha', 'Ali', 'Customer Support', 90004.79, 101),
(112, 'Junaid', 'Butt', 'Customer Support', 70702.47, 101),
(113, 'Hamza', 'Iqbal', 'Marketing', 73609.6, 101),
(114, 'Aisha', 'Malik', 'Sales Operations', 73761.49, 101),
(115, 'Nida', 'Williams', 'Logistics', 36093.83, 104),
(116, 'Raza', 'Raza', 'Logistics', 91860.1, 101),
(117, 'Michael', 'Raza', 'Customer Support', 94998.6, 101),
(118, 'Fahad', 'Ali', 'Logistics', 85665.7, 101),
(119, 'Asif', 'Williams', 'Sales Operations', 74715.75, 101),
(120, 'Mustafa', 'Butt', 'Customer Support', 44734.83, 103),
(121, 'Zainab', 'Ahmed', 'Marketing', 56857.96, 101),
(122, 'Salman', 'Smith', 'Logistics', 80143.47, 101),
(123, 'Zainab', 'Shah', 'Customer Support', 53568.07, 101),
(124, 'John', 'Raza', 'Logistics', 75698.41, 101),
(125, 'Zainab', 'Smith', 'Logistics', 81687.44, 105),
(126, 'Siddique', 'Raza', 'Customer Support', 87380.12, 101),
(127, 'Osama', 'Johnson', 'Logistics', 68272.44, 101),
(128, 'Asif', 'Williams', 'Sales Operations', 52103.78, 101),
(129, 'Siddique', 'Mugahal', 'Marketing', 89318.37, 101),
(130, 'Fahad', 'Dar', 'Sales Operations', 91784.8, 103),
(131, 'Zainab', 'Zafar', 'Sales Operations', 59893.81, 101),
(132, 'Maryem', 'Williams', 'Logistics', 49146.68, 101),
(133, 'Hamza', 'Zafar', 'Customer Support', 36691.25, 101),
(134, 'Asif', 'Hussain', 'Customer Support', 43255.98, 101),
(135, 'Yasir', 'Johnson', 'Customer Support', 80530.47, 105),
(136, 'Zainab', 'Khan', 'Sales Operations', 36140.23, 101),
(137, 'Saad', 'Malik', 'Marketing', 41671.21, 101),
(138, 'Yasir', 'Shah', 'Logistics', 42310.9, 101),
(139, 'Salman', 'Dar', 'Marketing', 38768.43, 101),
(140, 'Michael', 'Brown', 'Sales Operations', 72917.3, 103),
(141, 'Fahad', 'Iqbal', 'Marketing', 35093.86, 101),
(142, 'Fatima', 'Shah', 'Marketing', 46238.83, 101),
(143, 'Hamza', 'Williams', 'Logistics', 39060.76, 101),
(144, 'David', 'Brown', 'Sales Operations', 58427.22, 101);

-- 3. INSERTING PRODUCTS (100 Rows across multiple categories with cost vs retail prices)
INSERT INTO products (product_id, product_name, category, cost_price, retail_price, stock_quantity) VALUES
(1, 'LED Strip Lights V1', 'Home Decor', 33.61, 99.87, 74),
(2, 'Gaming Laptop V2', 'Electronics', 40.48, 81.66, 197),
(3, 'RGB Desk Mat V3', 'Electronics', 31.19, 82.19, 44),
(4, 'Gaming Laptop V4', 'Electronics', 29.57, 80.44, 54),
(5, 'Ceramic Vase V5', 'Home Decor', 33.43, 90.84, 26),
(6, 'LED Strip Lights V6', 'Home Decor', 18.2, 28.5, 61),
(7, 'Gaming Laptop V7', 'Electronics', 47.0, 106.83, 218),
(8, 'Blue Light Glasses V8', 'Accessories', 16.4, 43.13, 58),
(9, 'Dumbbell Set V9', 'Fitness', 43.8, 68.84, 177),
(10, 'Dumbbell Set V10', 'Fitness', 10.6, 21.75, 237),
(11, 'Ceramic Vase V11', 'Home Decor', 45.26, 94.14, 57),
(12, 'Ceramic Vase V12', 'Home Decor', 21.53, 58.04, 78),
(13, 'USB-C Hub V13', 'Electronics', 24.1, 51.72, 220),
(14, 'Sports Socks V14', 'Apparel', 18.22, 30.13, 93),
(15, 'Dumbbell Set V15', 'Fitness', 25.07, 64.59, 52),
(16, 'Desk Organizer V16', 'Home Decor', 25.12, 65.07, 243),
(17, 'Gym Bag V17', 'Fitness', 49.92, 95.44, 212),
(18, 'Mechanical Keyboard V18', 'Electronics', 35.2, 74.25, 0),
(19, 'Travel Backpack V19', 'Accessories', 47.88, 82.07, 165),
(20, 'LED Strip Lights V20', 'Home Decor', 10.68, 19.8, 175),
(21, 'Dumbbell Set V21', 'Fitness', 22.23, 52.26, 164),
(22, 'Oversized Tee V22', 'Apparel', 25.25, 51.93, 123),
(23, 'Smart Watch V23', 'Electronics', 11.2, 22.96, 90),
(24, 'Resistance Bands V24', 'Fitness', 48.22, 74.2, 57),
(25, 'Ceramic Vase V25', 'Home Decor', 46.11, 77.31, 208),
(26, 'Yoga Mat V26', 'Fitness', 14.66, 35.45, 187),
(27, 'Scented Candle V27', 'Home Decor', 10.52, 29.24, 125),
(28, 'Oversized Tee V28', 'Apparel', 25.03, 40.84, 184),
(29, 'Dumbbell Set V29', 'Fitness', 36.93, 85.86, 84),
(30, 'Resistance Bands V30', 'Fitness', 37.03, 107.05, 173),
(31, 'Running Shoes V31', 'Apparel', 27.89, 46.91, 61),
(32, 'Casual Denim Shirt V32', 'Apparel', 40.57, 62.45, 151),
(33, 'Minimalist Card Holder V33', 'Accessories', 26.03, 77.43, 43),
(34, 'Leather Laptop Sleeve V34', 'Accessories', 7.96, 16.69, 193),
(35, 'Ceramic Vase V35', 'Home Decor', 39.61, 108.33, 28),
(36, 'Running Shoes V36', 'Apparel', 33.91, 73.75, 0),
(37, 'Minimalist Card Holder V37', 'Accessories', 10.78, 29.58, 151),
(38, 'Travel Backpack V38', 'Accessories', 39.55, 66.98, 138),
(39, 'RGB Desk Mat V39', 'Electronics', 10.59, 18.32, 52),
(40, 'Running Shoes V40', 'Apparel', 47.06, 86.51, 250),
(41, 'Minimalist Card Holder V41', 'Accessories', 43.07, 80.8, 172),
(42, 'Minimalist Card Holder V42', 'Accessories', 10.63, 20.77, 146),
(43, 'Smart Watch V43', 'Electronics', 33.84, 80.8, 158),
(44, 'Casual Denim Shirt V44', 'Apparel', 34.64, 89.4, 164),
(45, 'Gym Bag V45', 'Fitness', 6.85, 19.15, 30),
(46, 'USB-C Hub V46', 'Electronics', 39.7, 75.31, 63),
(47, 'Blue Light Glasses V47', 'Accessories', 32.81, 50.71, 237),
(48, 'Minimalist Card Holder V48', 'Accessories', 33.89, 66.19, 72),
(49, 'Desk Organizer V49', 'Home Decor', 25.41, 64.36, 50),
(50, 'Ceramic Vase V50', 'Home Decor', 26.79, 48.38, 165),
(51, 'Running Shoes V51', 'Apparel', 43.77, 86.62, 230),
(52, 'Yoga Mat V52', 'Fitness', 10.88, 22.37, 153),
(53, 'Gaming Laptop V53', 'Electronics', 15.88, 26.74, 125),
(54, 'Casual Denim Shirt V54', 'Apparel', 9.36, 18.11, 0),
(55, 'Ceramic Vase V55', 'Home Decor', 16.17, 45.24, 50),
(56, 'Gym Bag V56', 'Fitness', 37.45, 66.84, 50),
(57, 'Ceramic Vase V57', 'Home Decor', 27.44, 53.86, 15),
(58, 'Noise Cancelling Earbuds V58', 'Electronics', 27.75, 81.86, 65),
(59, 'Minimalist Card Holder V59', 'Accessories', 7.19, 13.82, 162),
(60, 'Desk Organizer V60', 'Home Decor', 29.15, 80.77, 120),
(61, 'Running Shoes V61', 'Apparel', 37.74, 99.85, 103),
(62, 'Noise Cancelling Earbuds V62', 'Electronics', 7.3, 17.1, 102),
(63, 'Minimalist Card Holder V63', 'Accessories', 8.31, 18.75, 205),
(64, 'Minimalist Card Holder V64', 'Accessories', 42.14, 102.61, 166),
(65, 'Wireless Mouse V65', 'Electronics', 48.88, 102.2, 213),
(66, 'Gym Bag V66', 'Fitness', 47.25, 124.38, 60),
(67, 'Blue Light Glasses V67', 'Accessories', 27.5, 43.12, 45),
(68, 'Yoga Mat V68', 'Fitness', 28.37, 48.89, 238),
(69, 'Travel Backpack V69', 'Accessories', 19.76, 47.81, 51),
(70, 'Desk Organizer V70', 'Home Decor', 31.72, 71.72, 140),
(71, 'Blue Light Glasses V71', 'Accessories', 36.89, 71.92, 218),
(72, 'Gaming Laptop V72', 'Electronics', 19.91, 33.14, 0),
(73, 'Desk Organizer V73', 'Home Decor', 40.85, 105.72, 186),
(74, 'Smart Watch V74', 'Electronics', 26.36, 77.78, 210),
(75, 'Travel Backpack V75', 'Accessories', 37.46, 88.98, 53),
(76, 'Blue Light Glasses V76', 'Accessories', 11.65, 29.37, 18),
(77, 'Leather Laptop Sleeve V77', 'Accessories', 13.59, 29.38, 117),
(78, 'Leather Wallet V78', 'Apparel', 36.07, 76.31, 208),
(79, 'Blue Light Glasses V79', 'Accessories', 44.28, 115.29, 25),
(80, 'Sports Socks V80', 'Apparel', 14.33, 28.48, 179),
(81, 'Ceramic Vase V81', 'Home Decor', 19.12, 33.65, 243),
(82, 'Minimalist Card Holder V82', 'Accessories', 29.58, 74.36, 232),
(83, 'Gym Bag V83', 'Fitness', 26.79, 78.66, 81),
(84, 'Minimalist Card Holder V84', 'Accessories', 15.12, 44.75, 86),
(85, 'Resistance Bands V85', 'Fitness', 36.06, 80.54, 132),
(86, 'Gym Bag V86', 'Fitness', 47.02, 126.63, 80),
(87, 'Sports Water Bottle V87', 'Fitness', 30.81, 71.32, 239),
(88, 'Desk Organizer V88', 'Home Decor', 47.96, 129.82, 84),
(89, 'Gaming Laptop V89', 'Electronics', 47.99, 77.67, 246),
(90, 'Desk Organizer V90', 'Home Decor', 38.63, 70.34, 0),
(91, 'Minimalist Card Holder V91', 'Accessories', 46.99, 119.55, 45),
(92, 'Smart Watch V92', 'Electronics', 38.34, 71.27, 22),
(93, 'Travel Backpack V93', 'Accessories', 33.71, 53.22, 115),
(94, 'Yoga Mat V94', 'Fitness', 9.52, 25.29, 11),
(95, 'Travel Backpack V95', 'Accessories', 23.31, 67.66, 234),
(96, 'Ceramic Vase V96', 'Home Decor', 34.27, 90.26, 83),
(97, 'Dumbbell Set V97', 'Fitness', 34.07, 97.51, 32),
(98, 'Travel Backpack V98', 'Accessories', 29.08, 75.16, 249),
(99, 'Wireless Mouse V99', 'Electronics', 23.8, 65.6, 249),
(100, 'RGB Desk Mat V100', 'Electronics', 22.86, 51.28, 249);

-- 4. INSERTING ORDERS (250 Operational Enterprise Orders)
INSERT INTO orders (order_id, user_id, employee_id, order_date, order_status) VALUES
(501, 192, 120, '2026-05-29', 'Delivered'),
(502, 3, 121, '2026-05-19', 'Pending'),
(503, 28, 123, '2026-05-10', 'Shipped'),
(504, 165, 136, '2026-05-17', 'Shipped'),
(505, 228, 110, '2026-05-28', 'Pending'),
(506, 120, 119, '2026-05-07', 'Processing'),
(507, 29, 123, '2026-05-06', 'Cancelled'),
(508, 118, 143, '2026-05-09', 'Cancelled'),
(509, 48, 102, '2026-05-24', 'Delivered'),
(510, 203, 120, '2026-05-19', 'Cancelled'),
(511, 194, 114, '2026-05-06', 'Pending'),
(512, 220, 142, '2026-05-29', 'Shipped'),
(513, 212, 129, '2026-05-17', 'Delivered'),
(514, 23, 127, '2026-05-22', 'Delivered'),
(515, 48, 110, '2026-05-16', 'Delivered'),
(516, 240, 117, '2026-05-01', 'Delivered'),
(517, 99, 117, '2026-05-15', 'Processing'),
(518, 69, 123, '2026-05-10', 'Pending'),
(519, 186, 138, '2026-05-01', 'Delivered'),
(520, 168, 125, '2026-05-23', 'Delivered'),
(521, 16, 144, '2026-05-04', 'Shipped'),
(522, 79, 112, '2026-05-13', 'Cancelled'),
(523, 129, 121, '2026-05-23', 'Delivered'),
(524, 164, 120, '2026-05-12', 'Pending'),
(525, 57, 116, '2026-05-31', 'Delivered'),
(526, 123, 111, '2026-05-15', 'Cancelled'),
(527, 156, 125, '2026-05-14', 'Cancelled'),
(528, 141, 132, '2026-05-25', 'Pending'),
(529, 206, 144, '2026-05-27', 'Delivered'),
(530, 196, 117, '2026-05-22', 'Processing'),
(531, 153, 107, '2026-05-17', 'Shipped'),
(532, 136, 125, '2026-05-03', 'Pending'),
(533, 29, 105, '2026-05-27', 'Pending'),
(534, 232, 134, '2026-05-07', 'Pending'),
(535, 138, 111, '2026-05-06', 'Delivered'),
(536, 219, 135, '2026-05-15', 'Delivered'),
(537, 175, 115, '2026-05-23', 'Pending'),
(538, 126, 107, '2026-05-29', 'Pending'),
(539, 115, 105, '2026-05-15', 'Delivered'),
(540, 132, 128, '2026-05-15', 'Pending'),
(541, 15, 137, '2026-05-15', 'Cancelled'),
(542, 207, 121, '2026-05-24', 'Delivered'),
(543, 102, 118, '2026-05-27', 'Delivered'),
(544, 191, 115, '2026-05-19', 'Delivered'),
(545, 12, 129, '2026-05-12', 'Cancelled'),
(546, 17, 136, '2026-05-02', 'Delivered'),
(547, 240, 132, '2026-05-02', 'Delivered'),
(548, 105, 113, '2026-05-25', 'Delivered'),
(549, 197, 143, '2026-05-24', 'Cancelled'),
(550, 247, 128, '2026-05-12', 'Shipped'),
(551, 115, 126, '2026-05-13', 'Delivered'),
(552, 175, 144, '2026-05-28', 'Pending'),
(553, 35, 143, '2026-05-28', 'Delivered'),
(554, 31, 113, '2026-05-18', 'Shipped'),
(555, 136, 110, '2026-05-24', 'Delivered'),
(556, 214, 102, '2026-05-25', 'Delivered'),
(557, 77, 131, '2026-05-22', 'Cancelled'),
(558, 140, 129, '2026-05-18', 'Shipped'),
(559, 211, 116, '2026-05-08', 'Shipped'),
(560, 89, 111, '2026-05-09', 'Delivered'),
(561, 240, 109, '2026-05-02', 'Processing'),
(562, 170, 128, '2026-05-20', 'Processing'),
(563, 240, 103, '2026-05-08', 'Delivered'),
(564, 18, 108, '2026-05-20', 'Delivered'),
(565, 115, 140, '2026-05-22', 'Cancelled'),
(566, 224, 105, '2026-05-08', 'Cancelled'),
(567, 12, 127, '2026-05-15', 'Delivered'),
(568, 139, 115, '2026-05-25', 'Processing'),
(569, 199, 105, '2026-05-05', 'Pending'),
(570, 75, 116, '2026-05-27', 'Cancelled'),
(571, 148, 122, '2026-05-19', 'Pending'),
(572, 198, 122, '2026-05-08', 'Delivered'),
(573, 225, 111, '2026-05-22', 'Pending'),
(574, 57, 128, '2026-05-10', 'Delivered'),
(575, 16, 137, '2026-05-31', 'Pending'),
(576, 226, 113, '2026-05-21', 'Cancelled'),
(577, 110, 137, '2026-05-16', 'Delivered'),
(578, 249, 124, '2026-05-31', 'Cancelled'),
(579, 172, 126, '2026-05-26', 'Pending'),
(580, 82, 128, '2026-05-14', 'Delivered'),
(581, 77, 126, '2026-05-06', 'Processing'),
(582, 138, 132, '2026-05-08', 'Processing'),
(583, 58, 121, '2026-05-28', 'Cancelled'),
(584, 37, 131, '2026-05-30', 'Delivered'),
(585, 144, 128, '2026-05-31', 'Shipped'),
(586, 143, 135, '2026-05-05', 'Shipped'),
(587, 63, 118, '2026-05-07', 'Delivered'),
(588, 166, 107, '2026-05-30', 'Shipped'),
(589, 217, 125, '2026-05-03', 'Pending'),
(590, 186, 114, '2026-05-02', 'Delivered'),
(591, 97, 140, '2026-05-20', 'Delivered'),
(592, 224, 106, '2026-05-07', 'Processing'),
(593, 195, 139, '2026-05-24', 'Cancelled'),
(594, 144, 115, '2026-05-16', 'Delivered'),
(595, 223, 123, '2026-05-10', 'Delivered'),
(596, 55, 114, '2026-05-31', 'Cancelled'),
(597, 31, 132, '2026-05-30', 'Delivered'),
(598, 179, 140, '2026-05-23', 'Delivered'),
(599, 102, 117, '2026-05-18', 'Delivered'),
(600, 199, 120, '2026-05-13', 'Shipped'),
(601, 137, 143, '2026-05-12', 'Delivered'),
(602, 67, 125, '2026-05-17', 'Shipped'),
(603, 120, 108, '2026-05-26', 'Cancelled'),
(604, 121, 122, '2026-05-30', 'Delivered'),
(605, 95, 122, '2026-05-14', 'Delivered'),
(606, 145, 116, '2026-05-24', 'Delivered'),
(607, 5, 118, '2026-05-18', 'Pending'),
(608, 149, 128, '2026-05-10', 'Delivered'),
(609, 51, 123, '2026-05-08', 'Shipped'),
(610, 146, 117, '2026-05-16', 'Pending'),
(611, 168, 123, '2026-05-09', 'Processing'),
(612, 211, 133, '2026-05-31', 'Cancelled'),
(613, 165, 133, '2026-05-15', 'Delivered'),
(614, 188, 124, '2026-05-06', 'Delivered'),
(615, 185, 136, '2026-05-16', 'Delivered'),
(616, 235, 136, '2026-05-21', 'Delivered'),
(617, 135, 104, '2026-05-27', 'Processing'),
(618, 20, 144, '2026-05-02', 'Processing'),
(619, 2, 128, '2026-05-05', 'Processing'),
(620, 162, 116, '2026-05-03', 'Cancelled'),
(621, 39, 102, '2026-05-07', 'Pending'),
(622, 117, 125, '2026-05-02', 'Pending'),
(623, 164, 144, '2026-05-30', 'Pending'),
(624, 234, 132, '2026-05-22', 'Shipped'),
(625, 5, 102, '2026-05-18', 'Pending'),
(626, 106, 102, '2026-05-01', 'Pending'),
(627, 185, 119, '2026-05-18', 'Delivered'),
(628, 5, 134, '2026-05-27', 'Cancelled'),
(629, 173, 129, '2026-05-26', 'Delivered'),
(630, 28, 108, '2026-05-17', 'Delivered'),
(631, 62, 114, '2026-05-20', 'Pending'),
(632, 65, 124, '2026-05-09', 'Processing'),
(633, 102, 107, '2026-05-12', 'Shipped'),
(634, 118, 138, '2026-05-08', 'Cancelled'),
(635, 58, 121, '2026-05-22', 'Processing'),
(636, 218, 107, '2026-05-21', 'Processing'),
(637, 167, 104, '2026-05-03', 'Shipped'),
(638, 98, 126, '2026-05-18', 'Shipped'),
(639, 15, 142, '2026-05-01', 'Cancelled'),
(640, 44, 107, '2026-05-16', 'Processing'),
(641, 112, 143, '2026-05-26', 'Delivered'),
(642, 145, 108, '2026-05-29', 'Pending'),
(643, 236, 104, '2026-05-08', 'Delivered'),
(644, 231, 138, '2026-05-16', 'Delivered'),
(645, 12, 106, '2026-05-22', 'Delivered'),
(646, 231, 136, '2026-05-19', 'Cancelled'),
(647, 9, 113, '2026-05-30', 'Processing'),
(648, 81, 103, '2026-05-31', 'Delivered'),
(649, 151, 111, '2026-05-25', 'Processing'),
(650, 183, 127, '2026-05-30', 'Delivered'),
(651, 77, 112, '2026-05-19', 'Delivered'),
(652, 146, 126, '2026-05-22', 'Pending'),
(653, 85, 126, '2026-05-25', 'Cancelled'),
(654, 36, 107, '2026-05-17', 'Cancelled'),
(655, 250, 124, '2026-05-02', 'Delivered'),
(656, 112, 116, '2026-05-27', 'Delivered'),
(657, 88, 140, '2026-05-25', 'Pending'),
(658, 245, 140, '2026-05-13', 'Processing'),
(659, 84, 103, '2026-05-21', 'Delivered'),
(660, 201, 130, '2026-05-16', 'Delivered'),
(661, 92, 137, '2026-05-31', 'Shipped'),
(662, 111, 113, '2026-05-22', 'Pending'),
(663, 170, 126, '2026-05-03', 'Processing'),
(664, 159, 120, '2026-05-26', 'Delivered'),
(665, 183, 106, '2026-05-03', 'Delivered'),
(666, 40, 126, '2026-05-23', 'Processing'),
(667, 163, 111, '2026-05-24', 'Shipped'),
(668, 82, 125, '2026-05-04', 'Delivered'),
(669, 2, 121, '2026-05-15', 'Delivered'),
(670, 195, 119, '2026-05-04', 'Delivered'),
(671, 23, 113, '2026-05-14', 'Shipped'),
(672, 143, 137, '2026-05-17', 'Shipped'),
(673, 27, 103, '2026-05-03', 'Delivered'),
(674, 142, 107, '2026-05-20', 'Pending'),
(675, 201, 122, '2026-05-28', 'Shipped'),
(676, 4, 120, '2026-05-14', 'Shipped'),
(677, 200, 107, '2026-05-24', 'Pending'),
(678, 232, 117, '2026-05-19', 'Pending'),
(679, 44, 126, '2026-05-06', 'Delivered'),
(680, 69, 121, '2026-05-09', 'Shipped'),
(681, 38, 106, '2026-05-06', 'Shipped'),
(682, 71, 128, '2026-05-10', 'Shipped'),
(683, 201, 106, '2026-05-12', 'Delivered'),
(684, 242, 117, '2026-05-24', 'Cancelled'),
(685, 127, 140, '2026-05-20', 'Delivered'),
(686, 118, 108, '2026-05-05', 'Delivered'),
(687, 2, 127, '2026-05-11', 'Processing'),
(688, 159, 126, '2026-05-26', 'Processing'),
(689, 85, 130, '2026-05-11', 'Shipped'),
(690, 209, 143, '2026-05-20', 'Delivered'),
(691, 77, 122, '2026-05-20', 'Cancelled'),
(692, 52, 132, '2026-05-11', 'Delivered'),
(693, 247, 127, '2026-05-31', 'Delivered'),
(694, 75, 142, '2026-05-16', 'Pending'),
(695, 201, 117, '2026-05-11', 'Shipped'),
(696, 72, 127, '2026-05-12', 'Delivered'),
(697, 239, 138, '2026-05-07', 'Pending'),
(698, 140, 113, '2026-05-22', 'Processing'),
(699, 141, 103, '2026-05-31', 'Cancelled'),
(700, 119, 115, '2026-05-15', 'Processing'),
(701, 75, 106, '2026-05-27', 'Processing'),
(702, 204, 128, '2026-05-22', 'Shipped'),
(703, 36, 142, '2026-05-10', 'Delivered'),
(704, 65, 144, '2026-05-05', 'Cancelled'),
(705, 109, 126, '2026-05-03', 'Shipped'),
(706, 154, 132, '2026-05-19', 'Shipped'),
(707, 137, 134, '2026-05-30', 'Processing'),
(708, 178, 128, '2026-05-18', 'Delivered'),
(709, 203, 125, '2026-05-23', 'Processing'),
(710, 138, 140, '2026-05-21', 'Delivered'),
(711, 28, 117, '2026-05-22', 'Cancelled'),
(712, 91, 112, '2026-05-21', 'Pending'),
(713, 12, 138, '2026-05-21', 'Cancelled'),
(714, 166, 127, '2026-05-31', 'Processing'),
(715, 85, 129, '2026-05-04', 'Delivered'),
(716, 26, 118, '2026-05-08', 'Pending'),
(717, 192, 135, '2026-05-18', 'Pending'),
(718, 177, 138, '2026-05-08', 'Shipped'),
(719, 96, 127, '2026-05-15', 'Processing'),
(720, 174, 139, '2026-05-23', 'Pending'),
(721, 39, 124, '2026-05-01', 'Shipped'),
(722, 27, 120, '2026-05-14', 'Delivered'),
(723, 30, 111, '2026-05-12', 'Delivered'),
(724, 88, 131, '2026-05-26', 'Delivered'),
(725, 134, 132, '2026-05-12', 'Shipped'),
(726, 25, 130, '2026-05-24', 'Cancelled'),
(727, 116, 122, '2026-05-03', 'Delivered'),
(728, 12, 109, '2026-05-01', 'Processing'),
(729, 88, 143, '2026-05-04', 'Cancelled'),
(730, 205, 112, '2026-05-30', 'Cancelled'),
(731, 63, 135, '2026-05-06', 'Pending'),
(732, 41, 123, '2026-05-18', 'Shipped'),
(733, 246, 131, '2026-05-08', 'Processing'),
(734, 104, 142, '2026-05-06', 'Delivered'),
(735, 164, 144, '2026-05-14', 'Shipped'),
(736, 8, 141, '2026-05-29', 'Delivered'),
(737, 116, 139, '2026-05-14', 'Shipped'),
(738, 2, 115, '2026-05-07', 'Delivered'),
(739, 193, 106, '2026-05-19', 'Delivered'),
(740, 205, 136, '2026-05-06', 'Delivered'),
(741, 84, 114, '2026-05-15', 'Delivered'),
(742, 68, 144, '2026-05-28', 'Shipped'),
(743, 136, 142, '2026-05-11', 'Pending'),
(744, 100, 141, '2026-05-13', 'Pending'),
(745, 30, 124, '2026-05-12', 'Processing'),
(746, 118, 141, '2026-05-06', 'Processing'),
(747, 173, 121, '2026-05-30', 'Pending'),
(748, 152, 107, '2026-05-22', 'Delivered'),
(749, 81, 109, '2026-05-08', 'Delivered'),
(750, 30, 113, '2026-05-12', 'Cancelled');

-- 5. INSERTING ORDER ITEMS (498 Line Items linking orders to products)
INSERT INTO order_items (order_item_id, order_id, product_id, quantity, unit_price) VALUES
(1001, 501, 66, 4, 58.92),
(1002, 502, 74, 4, 59.42),
(1003, 503, 82, 2, 73.27),
(1004, 503, 69, 4, 45.33),
(1005, 504, 41, 4, 80.04),
(1006, 505, 2, 2, 35.49),
(1007, 505, 63, 4, 116.2),
(1008, 506, 84, 4, 58.64),
(1009, 506, 64, 4, 66.31),
(1010, 506, 53, 1, 74.37),
(1011, 507, 38, 1, 43.86),
(1012, 508, 37, 4, 74.39),
(1013, 508, 22, 4, 72.72),
(1014, 508, 100, 1, 75.13),
(1015, 509, 100, 3, 71.91),
(1016, 509, 70, 1, 94.8),
(1017, 510, 70, 4, 25.75),
(1018, 510, 28, 2, 46.26),
(1019, 511, 58, 3, 51.6),
(1020, 512, 57, 1, 96.44),
(1021, 513, 27, 3, 105.41),
(1022, 514, 81, 2, 97.41),
(1023, 514, 55, 2, 99.57),
(1024, 514, 22, 3, 70.89),
(1025, 515, 69, 3, 45.38),
(1026, 515, 22, 3, 115.0),
(1027, 515, 42, 1, 29.24),
(1028, 516, 8, 2, 88.65),
(1029, 516, 36, 2, 41.22),
(1030, 517, 42, 4, 66.39),
(1031, 517, 32, 3, 80.92),
(1032, 517, 98, 4, 62.46),
(1033, 518, 99, 3, 87.94),
(1034, 518, 12, 3, 62.74),
(1035, 518, 52, 4, 49.37),
(1036, 519, 100, 1, 91.75),
(1037, 520, 82, 3, 104.26),
(1038, 520, 86, 4, 37.87),
(1039, 521, 28, 3, 48.9),
(1040, 521, 64, 3, 50.46),
(1041, 522, 17, 3, 108.89),
(1042, 522, 73, 1, 19.82),
(1043, 522, 63, 4, 16.71),
(1044, 523, 57, 4, 15.07),
(1045, 524, 26, 2, 107.63),
(1046, 524, 89, 3, 31.69),
(1047, 525, 12, 3, 41.29),
(1048, 525, 84, 3, 84.77),
(1049, 526, 22, 3, 91.23),
(1050, 526, 7, 2, 60.07),
(1051, 526, 51, 1, 88.89),
(1052, 527, 28, 4, 23.18),
(1053, 528, 29, 4, 15.98),
(1054, 528, 67, 3, 100.8),
(1055, 528, 88, 4, 87.87),
(1056, 529, 10, 4, 24.38),
(1057, 529, 30, 1, 25.84),
(1058, 530, 39, 4, 96.21),
(1059, 530, 18, 2, 82.37),
(1060, 531, 19, 1, 79.08),
(1061, 531, 9, 2, 61.21),
(1062, 531, 68, 2, 80.95),
(1063, 532, 53, 4, 105.3),
(1064, 533, 13, 2, 94.01),
(1065, 534, 94, 4, 48.02),
(1066, 534, 50, 2, 41.02),
(1067, 534, 45, 1, 41.06),
(1068, 535, 77, 3, 96.79),
(1069, 535, 93, 1, 104.03),
(1070, 535, 78, 3, 36.57),
(1071, 536, 66, 4, 46.03),
(1072, 536, 25, 1, 97.3),
(1073, 536, 96, 2, 66.96),
(1074, 537, 31, 4, 82.0),
(1075, 538, 68, 1, 118.62),
(1076, 539, 17, 4, 53.37),
(1077, 539, 50, 2, 95.09),
(1078, 540, 3, 1, 16.45),
(1079, 541, 6, 1, 114.61),
(1080, 542, 65, 4, 59.48),
(1081, 542, 37, 4, 23.65),
(1082, 543, 69, 3, 23.78),
(1083, 543, 79, 1, 68.69),
(1084, 543, 20, 2, 117.3),
(1085, 544, 69, 3, 56.03),
(1086, 545, 98, 1, 47.57),
(1087, 545, 84, 4, 91.65),
(1088, 545, 88, 2, 21.08),
(1089, 546, 56, 1, 62.6),
(1090, 547, 8, 2, 27.54),
(1091, 547, 40, 2, 88.66),
(1092, 547, 86, 2, 67.12),
(1093, 548, 67, 3, 32.53),
(1094, 548, 93, 2, 93.73),
(1095, 549, 94, 1, 50.18),
(1096, 549, 16, 4, 43.56),
(1097, 550, 34, 1, 67.1),
(1098, 551, 47, 2, 53.61),
(1099, 551, 8, 3, 96.2),
(1100, 551, 64, 1, 38.98),
(1101, 552, 1, 2, 19.83),
(1102, 552, 6, 3, 55.21),
(1103, 552, 2, 2, 33.79),
(1104, 553, 71, 4, 38.57),
(1105, 554, 54, 3, 43.48),
(1106, 555, 74, 3, 27.54),
(1107, 556, 7, 1, 115.18),
(1108, 556, 23, 1, 107.08),
(1109, 556, 29, 3, 96.22),
(1110, 557, 42, 4, 15.84),
(1111, 557, 12, 2, 45.62),
(1112, 558, 95, 2, 63.71),
(1113, 558, 80, 4, 119.77),
(1114, 559, 94, 2, 30.81),
(1115, 560, 4, 3, 81.77),
(1116, 560, 30, 1, 114.85),
(1117, 561, 98, 4, 104.15),
(1118, 562, 40, 2, 59.08),
(1119, 562, 14, 1, 117.12),
(1120, 562, 27, 2, 89.72),
(1121, 563, 6, 2, 109.22),
(1122, 564, 53, 4, 117.33),
(1123, 564, 90, 1, 75.98),
(1124, 564, 48, 2, 81.91),
(1125, 565, 10, 1, 60.67),
(1126, 565, 76, 2, 39.86),
(1127, 566, 41, 3, 48.4),
(1128, 566, 51, 3, 39.53),
(1129, 567, 18, 1, 31.32),
(1130, 568, 58, 4, 47.97),
(1131, 569, 69, 3, 116.29),
(1132, 570, 58, 3, 63.65),
(1133, 571, 12, 2, 99.8),
(1134, 572, 91, 1, 37.58),
(1135, 572, 90, 3, 30.57),
(1136, 573, 32, 1, 86.1),
(1137, 573, 46, 3, 101.11),
(1138, 573, 51, 2, 18.26),
(1139, 574, 58, 2, 24.95),
(1140, 574, 72, 1, 99.41),
(1141, 575, 16, 1, 21.48),
(1142, 576, 17, 2, 101.49),
(1143, 577, 88, 1, 76.14),
(1144, 577, 81, 3, 111.33),
(1145, 578, 3, 1, 35.76),
(1146, 579, 57, 3, 27.87),
(1147, 579, 17, 4, 20.32),
(1148, 579, 12, 4, 101.28),
(1149, 580, 64, 4, 86.74),
(1150, 580, 4, 2, 52.16),
(1151, 581, 36, 3, 61.83),
(1152, 582, 5, 2, 82.96),
(1153, 583, 53, 4, 21.4),
(1154, 583, 71, 3, 55.22),
(1155, 584, 26, 2, 81.23),
(1156, 584, 83, 1, 118.89),
(1157, 585, 46, 4, 51.12),
(1158, 585, 62, 3, 55.78),
(1159, 585, 70, 2, 17.74),
(1160, 586, 29, 3, 21.15),
(1161, 586, 4, 4, 70.59),
(1162, 586, 100, 2, 117.27),
(1163, 587, 32, 2, 42.99),
(1164, 588, 8, 4, 52.25),
(1165, 588, 98, 2, 33.49),
(1166, 588, 29, 3, 99.65),
(1167, 589, 46, 3, 114.49),
(1168, 589, 76, 2, 74.13),
(1169, 589, 4, 2, 102.85),
(1170, 590, 70, 2, 66.5),
(1171, 590, 40, 1, 20.9),
(1172, 591, 29, 4, 15.07),
(1173, 591, 3, 2, 99.68),
(1174, 591, 68, 3, 90.28),
(1175, 592, 8, 2, 76.59),
(1176, 592, 3, 2, 96.31),
(1177, 593, 47, 4, 76.53),
(1178, 593, 10, 3, 46.69),
(1179, 593, 48, 2, 117.47),
(1180, 594, 56, 3, 33.29),
(1181, 594, 82, 3, 38.44),
(1182, 594, 63, 2, 54.73),
(1183, 595, 89, 2, 91.53),
(1184, 595, 38, 4, 104.33),
(1185, 595, 17, 1, 34.12),
(1186, 596, 79, 1, 113.35),
(1187, 596, 29, 2, 49.77),
(1188, 597, 31, 3, 118.15),
(1189, 598, 82, 1, 101.27),
(1190, 599, 82, 4, 16.2),
(1191, 599, 94, 2, 41.2),
(1192, 599, 43, 1, 51.8),
(1193, 600, 93, 1, 20.06),
(1194, 601, 94, 2, 107.88),
(1195, 601, 54, 4, 107.59),
(1196, 602, 70, 1, 102.02),
(1197, 602, 49, 2, 32.08),
(1198, 603, 5, 3, 17.11),
(1199, 604, 14, 3, 32.86),
(1200, 604, 10, 4, 31.89),
(1201, 605, 71, 1, 50.48),
(1202, 606, 62, 4, 113.96),
(1203, 606, 91, 2, 78.77),
(1204, 606, 4, 4, 31.5),
(1205, 607, 43, 2, 117.31),
(1206, 608, 90, 3, 84.36),
(1207, 608, 71, 3, 39.94),
(1208, 609, 51, 4, 31.13),
(1209, 610, 1, 1, 45.93),
(1210, 610, 55, 4, 35.97),
(1211, 611, 27, 2, 82.01),
(1212, 612, 61, 1, 47.38),
(1213, 613, 61, 3, 24.57),
(1214, 613, 63, 4, 34.41),
(1215, 614, 48, 4, 19.68),
(1216, 614, 24, 4, 63.83),
(1217, 615, 35, 1, 30.87),
(1218, 616, 86, 3, 99.86),
(1219, 616, 13, 4, 116.92),
(1220, 616, 11, 2, 73.13),
(1221, 617, 67, 4, 75.14),
(1222, 617, 54, 2, 65.01),
(1223, 618, 51, 1, 67.72),
(1224, 619, 74, 2, 27.63),
(1225, 619, 87, 4, 33.15),
(1226, 619, 80, 2, 117.08),
(1227, 620, 17, 1, 59.45),
(1228, 621, 56, 2, 102.58),
(1229, 621, 26, 3, 48.57),
(1230, 621, 81, 1, 24.14),
(1231, 622, 51, 3, 69.57),
(1232, 622, 71, 1, 97.59),
(1233, 622, 42, 4, 26.81),
(1234, 623, 19, 1, 112.12),
(1235, 624, 100, 3, 107.18),
(1236, 624, 13, 3, 55.22),
(1237, 624, 37, 4, 75.06),
(1238, 625, 5, 3, 57.31),
(1239, 625, 23, 4, 19.07),
(1240, 626, 89, 1, 93.3),
(1241, 626, 31, 3, 109.19),
(1242, 627, 44, 3, 47.65),
(1243, 628, 90, 1, 117.11),
(1244, 628, 88, 2, 29.11),
(1245, 629, 57, 3, 91.52),
(1246, 629, 100, 1, 34.73),
(1247, 629, 42, 2, 110.91),
(1248, 630, 95, 3, 101.21),
(1249, 630, 63, 2, 21.89),
(1250, 631, 65, 1, 33.24),
(1251, 631, 52, 2, 102.88),
(1252, 631, 18, 2, 18.47),
(1253, 632, 47, 2, 43.77),
(1254, 633, 65, 1, 86.52),
(1255, 633, 51, 2, 54.11),
(1256, 634, 58, 3, 51.15),
(1257, 634, 23, 3, 93.64),
(1258, 634, 61, 1, 44.93),
(1259, 635, 7, 2, 105.0),
(1260, 635, 21, 2, 86.16),
(1261, 636, 84, 1, 105.79),
(1262, 636, 53, 1, 64.78),
(1263, 637, 83, 2, 78.12),
(1264, 638, 29, 3, 78.88),
(1265, 639, 92, 3, 59.5),
(1266, 639, 91, 4, 104.42),
(1267, 640, 33, 4, 46.73),
(1268, 640, 28, 4, 76.37),
(1269, 641, 66, 3, 73.95),
(1270, 642, 78, 1, 65.58),
(1271, 642, 37, 3, 118.78),
(1272, 642, 39, 3, 105.46),
(1273, 643, 84, 3, 34.78),
(1274, 643, 92, 2, 109.47),
(1275, 644, 52, 2, 90.73),
(1276, 644, 85, 4, 119.73),
(1277, 644, 41, 3, 110.23),
(1278, 645, 50, 1, 76.22),
(1279, 645, 95, 2, 51.03),
(1280, 646, 29, 4, 110.19),
(1281, 646, 88, 3, 68.27),
(1282, 646, 69, 2, 103.27),
(1283, 647, 24, 4, 28.43),
(1284, 647, 38, 3, 91.14),
(1285, 647, 13, 2, 114.43),
(1286, 648, 84, 2, 52.3),
(1287, 648, 12, 3, 59.15),
(1288, 649, 48, 3, 63.69),
(1289, 649, 34, 1, 64.41),
(1290, 650, 75, 4, 108.39),
(1291, 650, 80, 1, 106.09),
(1292, 650, 10, 4, 70.63),
(1293, 651, 7, 2, 119.2),
(1294, 651, 20, 3, 57.97),
(1295, 652, 59, 2, 96.79),
(1296, 652, 19, 4, 49.93),
(1297, 652, 41, 2, 47.91),
(1298, 653, 1, 4, 43.72),
(1299, 654, 74, 2, 66.41),
(1300, 655, 17, 4, 81.52),
(1301, 656, 55, 4, 15.49),
(1302, 656, 62, 2, 91.72),
(1303, 657, 42, 2, 16.88),
(1304, 658, 81, 2, 38.76),
(1305, 659, 40, 1, 55.27),
(1306, 659, 17, 3, 32.54),
(1307, 660, 39, 3, 62.87),
(1308, 661, 77, 4, 108.24),
(1309, 661, 68, 2, 50.99),
(1310, 661, 44, 4, 52.72),
(1311, 662, 22, 4, 17.01),
(1312, 663, 94, 2, 37.17),
(1313, 664, 76, 2, 27.93),
(1314, 665, 84, 3, 95.98),
(1315, 665, 5, 1, 77.36),
(1316, 665, 49, 1, 84.51),
(1317, 666, 3, 1, 58.76),
(1318, 666, 7, 4, 27.98),
(1319, 666, 89, 3, 64.81),
(1320, 667, 27, 1, 46.62),
(1321, 668, 13, 3, 80.39),
(1322, 668, 85, 2, 58.98),
(1323, 668, 67, 1, 68.72),
(1324, 669, 16, 1, 67.26),
(1325, 669, 37, 2, 96.69),
(1326, 669, 15, 2, 52.58),
(1327, 670, 38, 1, 72.55),
(1328, 670, 21, 2, 87.26),
(1329, 671, 43, 1, 16.34),
(1330, 671, 31, 1, 110.22),
(1331, 672, 86, 1, 96.85),
(1332, 672, 64, 1, 90.97),
(1333, 672, 20, 1, 110.0),
(1334, 673, 30, 3, 63.75),
(1335, 673, 59, 1, 100.38),
(1336, 673, 38, 1, 104.49),
(1337, 674, 87, 4, 92.55),
(1338, 674, 41, 1, 104.38),
(1339, 675, 2, 2, 84.65),
(1340, 676, 43, 3, 108.93),
(1341, 677, 35, 3, 100.57),
(1342, 677, 94, 2, 26.95),
(1343, 677, 12, 4, 116.04),
(1344, 678, 50, 4, 98.99),
(1345, 678, 89, 2, 26.87),
(1346, 679, 93, 1, 58.68),
(1347, 679, 8, 4, 99.24),
(1348, 679, 21, 4, 34.03),
(1349, 680, 100, 1, 105.57),
(1350, 680, 46, 2, 65.72),
(1351, 681, 15, 4, 19.83),
(1352, 681, 53, 3, 83.77),
(1353, 682, 91, 2, 117.68),
(1354, 683, 44, 1, 60.45),
(1355, 683, 67, 2, 65.6),
(1356, 683, 89, 4, 30.61),
(1357, 684, 79, 2, 68.08),
(1358, 684, 7, 4, 104.45),
(1359, 684, 2, 2, 22.86),
(1360, 685, 42, 3, 116.87),
(1361, 685, 31, 1, 68.23),
(1362, 686, 83, 2, 23.28),
(1363, 686, 49, 4, 99.13),
(1364, 686, 52, 4, 24.24),
(1365, 687, 58, 1, 117.97),
(1366, 687, 41, 1, 25.78),
(1367, 688, 5, 1, 101.72),
(1368, 688, 72, 3, 108.46),
(1369, 689, 27, 4, 114.79),
(1370, 689, 84, 3, 101.66),
(1371, 689, 86, 2, 103.65),
(1372, 690, 72, 4, 90.25),
(1373, 690, 99, 3, 90.17),
(1374, 691, 13, 2, 15.23),
(1375, 692, 82, 3, 88.72),
(1376, 692, 38, 1, 109.17),
(1377, 693, 18, 4, 26.23),
(1378, 693, 92, 2, 34.69),
(1379, 694, 28, 2, 90.26),
(1380, 694, 59, 1, 94.5),
(1381, 695, 82, 1, 96.08),
(1382, 696, 59, 2, 116.2),
(1383, 696, 85, 1, 70.69),
(1384, 697, 71, 4, 103.08),
(1385, 698, 66, 2, 87.64),
(1386, 698, 100, 2, 91.7),
(1387, 699, 14, 4, 84.04),
(1388, 700, 42, 4, 117.85),
(1389, 700, 65, 2, 43.73),
(1390, 700, 50, 3, 116.9),
(1391, 701, 18, 3, 103.52),
(1392, 701, 53, 3, 89.75),
(1393, 702, 81, 2, 80.54),
(1394, 702, 28, 3, 87.09),
(1395, 702, 26, 2, 118.04),
(1396, 703, 23, 3, 89.59),
(1397, 703, 65, 3, 74.04),
(1398, 703, 70, 4, 85.8),
(1399, 704, 37, 1, 17.65),
(1400, 704, 55, 2, 20.57),
(1401, 704, 2, 1, 35.99),
(1402, 705, 37, 3, 30.37),
(1403, 706, 89, 3, 36.42),
(1404, 707, 5, 1, 79.69),
(1405, 707, 46, 2, 92.95),
(1406, 707, 58, 4, 39.95),
(1407, 708, 37, 1, 112.28),
(1408, 708, 89, 4, 58.74),
(1409, 708, 86, 3, 116.41),
(1410, 709, 2, 3, 36.32),
(1411, 710, 29, 3, 94.29),
(1412, 710, 82, 2, 96.5),
(1413, 711, 38, 4, 33.63),
(1414, 712, 10, 1, 54.61),
(1415, 712, 24, 4, 44.31),
(1416, 712, 23, 3, 28.66),
(1417, 713, 33, 4, 89.52),
(1418, 713, 1, 2, 19.19),
(1419, 713, 43, 3, 77.67),
(1420, 714, 79, 4, 97.94),
(1421, 714, 85, 3, 22.65),
(1422, 714, 39, 3, 70.17),
(1423, 715, 67, 1, 97.56),
(1424, 716, 54, 4, 24.65),
(1425, 717, 28, 3, 49.76),
(1426, 718, 28, 4, 119.65),
(1427, 718, 97, 1, 27.05),
(1428, 719, 58, 2, 115.68),
(1429, 719, 31, 3, 55.04),
(1430, 720, 50, 3, 71.72),
(1431, 721, 4, 3, 69.0),
(1432, 721, 67, 4, 66.11),
(1433, 722, 84, 3, 68.96),
(1434, 722, 25, 1, 32.58),
(1435, 723, 69, 1, 37.13),
(1436, 723, 1, 2, 105.82),
(1437, 723, 81, 4, 102.74),
(1438, 724, 69, 4, 82.89),
(1439, 725, 96, 2, 17.49),
(1440, 726, 43, 1, 20.7),
(1441, 726, 5, 3, 73.6),
(1442, 726, 12, 2, 110.65),
(1443, 727, 50, 4, 60.47),
(1444, 727, 58, 1, 55.9),
(1445, 728, 69, 1, 82.35),
(1446, 729, 9, 1, 88.59),
(1447, 729, 97, 1, 52.56),
(1448, 729, 96, 1, 45.43),
(1449, 730, 39, 3, 95.35),
(1450, 730, 78, 4, 55.05),
(1451, 730, 12, 1, 64.77),
(1452, 731, 29, 4, 98.66),
(1453, 731, 18, 3, 115.81),
(1454, 731, 96, 2, 46.3),
(1455, 732, 83, 2, 27.94),
(1456, 732, 48, 1, 75.14),
(1457, 732, 2, 4, 71.4),
(1458, 733, 40, 2, 93.57),
(1459, 734, 45, 2, 31.9),
(1460, 734, 28, 2, 79.77),
(1461, 734, 53, 3, 35.4),
(1462, 735, 86, 1, 104.4),
(1463, 736, 60, 1, 45.52),
(1464, 736, 83, 1, 41.32),
(1465, 736, 71, 2, 91.19),
(1466, 737, 43, 2, 85.49),
(1467, 737, 46, 2, 25.5),
(1468, 738, 9, 4, 62.32),
(1469, 738, 25, 3, 87.81),
(1470, 738, 41, 2, 74.38),
(1471, 739, 41, 2, 15.51),
(1472, 739, 55, 2, 97.49),
(1473, 740, 95, 3, 103.21),
(1474, 740, 83, 2, 86.36),
(1475, 740, 56, 3, 107.18),
(1476, 741, 58, 3, 66.13),
(1477, 741, 46, 1, 33.46),
(1478, 742, 11, 2, 42.64),
(1479, 742, 36, 1, 91.38),
(1480, 742, 18, 1, 104.21),
(1481, 743, 4, 2, 110.16),
(1482, 743, 75, 3, 72.06),
(1483, 743, 52, 4, 83.66),
(1484, 744, 47, 4, 38.45),
(1485, 745, 94, 4, 67.62),
(1486, 745, 38, 1, 56.66),
(1487, 745, 18, 1, 84.58),
(1488, 746, 88, 2, 61.85),
(1489, 746, 22, 2, 74.47),
(1490, 746, 97, 2, 92.27),
(1491, 747, 46, 2, 94.95),
(1492, 747, 6, 2, 21.6),
(1493, 748, 30, 2, 69.38),
(1494, 748, 6, 3, 55.75),
(1495, 749, 6, 3, 25.84),
(1496, 749, 84, 3, 102.66),
(1497, 750, 75, 2, 54.55),
(1498, 750, 70, 4, 53.36);

-- 6. INSERTING STORE FINANCIALS (150 Operational Expenses & Spend Logs)
INSERT INTO store_financials (financial_id, transaction_date, transaction_type, amount, description) VALUES
(901, '2026-05-21', 'Marketing Spend', -397.0, 'Operational charge for marketing spend'),
(902, '2026-05-13', 'Utility', -397.23, 'Operational charge for utility'),
(903, '2026-05-12', 'Platform Fee', -420.25, 'Operational charge for platform fee'),
(904, '2026-05-16', 'Office Supplies', -794.85, 'Operational charge for office supplies'),
(905, '2026-05-29', 'Utility', -456.88, 'Operational charge for utility'),
(906, '2026-05-08', 'Marketing Spend', -398.66, 'Operational charge for marketing spend'),
(907, '2026-05-09', 'Utility', -682.81, 'Operational charge for utility'),
(908, '2026-05-06', 'Platform Fee', -330.42, 'Operational charge for platform fee'),
(909, '2026-05-27', 'Marketing Spend', -284.33, 'Operational charge for marketing spend'),
(910, '2026-05-14', 'Platform Fee', -238.2, 'Operational charge for platform fee'),
(911, '2026-05-16', 'Tax Payment', -426.36, 'Operational charge for tax payment'),
(912, '2026-05-19', 'Utility', -295.14, 'Operational charge for utility'),
(913, '2026-05-14', 'Marketing Spend', -609.94, 'Operational charge for marketing spend'),
(914, '2026-05-05', 'Office Supplies', -337.97, 'Operational charge for office supplies'),
(915, '2026-05-05', 'Office Supplies', -769.43, 'Operational charge for office supplies'),
(916, '2026-05-19', 'Utility', -756.39, 'Operational charge for utility'),
(917, '2026-05-09', 'Utility', -397.02, 'Operational charge for utility'),
(918, '2026-05-13', 'Office Supplies', -43.99, 'Operational charge for office supplies'),
(919, '2026-05-21', 'Marketing Spend', -114.76, 'Operational charge for marketing spend'),
(920, '2026-05-24', 'Platform Fee', -61.14, 'Operational charge for platform fee'),
(921, '2026-05-07', 'Tax Payment', -326.91, 'Operational charge for tax payment'),
(922, '2026-05-16', 'Tax Payment', -666.96, 'Operational charge for tax payment'),
(923, '2026-05-27', 'Tax Payment', -331.35, 'Operational charge for tax payment'),
(924, '2026-05-26', 'Office Supplies', -160.05, 'Operational charge for office supplies'),
(925, '2026-05-06', 'Office Supplies', -285.47, 'Operational charge for office supplies'),
(926, '2026-05-09', 'Utility', -235.13, 'Operational charge for utility'),
(927, '2026-05-11', 'Tax Payment', -334.7, 'Operational charge for tax payment'),
(928, '2026-05-03', 'Utility', -505.0, 'Operational charge for utility'),
(929, '2026-05-05', 'Marketing Spend', -787.08, 'Operational charge for marketing spend'),
(930, '2026-05-17', 'Office Supplies', -266.19, 'Operational charge for office supplies'),
(931, '2026-05-27', 'Utility', -327.7, 'Operational charge for utility'),
(932, '2026-05-06', 'Tax Payment', -96.75, 'Operational charge for tax payment'),
(933, '2026-05-20', 'Marketing Spend', -115.35, 'Operational charge for marketing spend'),
(934, '2026-05-18', 'Office Supplies', -213.14, 'Operational charge for office supplies'),
(935, '2026-05-03', 'Tax Payment', -285.67, 'Operational charge for tax payment'),
(936, '2026-05-29', 'Office Supplies', -379.36, 'Operational charge for office supplies'),
(937, '2026-05-01', 'Tax Payment', -392.81, 'Operational charge for tax payment'),
(938, '2026-05-12', 'Marketing Spend', -255.84, 'Operational charge for marketing spend'),
(939, '2026-05-14', 'Utility', -68.03, 'Operational charge for utility'),
(940, '2026-05-16', 'Tax Payment', -526.6, 'Operational charge for tax payment'),
(941, '2026-05-26', 'Office Supplies', -723.78, 'Operational charge for office supplies'),
(942, '2026-05-05', 'Platform Fee', -427.83, 'Operational charge for platform fee'),
(943, '2026-05-08', 'Marketing Spend', -579.05, 'Operational charge for marketing spend'),
(944, '2026-05-29', 'Office Supplies', -481.26, 'Operational charge for office supplies'),
(945, '2026-05-07', 'Marketing Spend', -246.86, 'Operational charge for marketing spend'),
(946, '2026-05-26', 'Marketing Spend', -349.17, 'Operational charge for marketing spend'),
(947, '2026-05-04', 'Office Supplies', -794.39, 'Operational charge for office supplies'),
(948, '2026-05-21', 'Utility', -263.54, 'Operational charge for utility'),
(949, '2026-05-11', 'Tax Payment', -517.43, 'Operational charge for tax payment'),
(950, '2026-05-05', 'Tax Payment', -291.77, 'Operational charge for tax payment'),
(951, '2026-05-09', 'Platform Fee', -133.12, 'Operational charge for platform fee'),
(952, '2026-05-14', 'Office Supplies', -514.8, 'Operational charge for office supplies'),
(953, '2026-05-09', 'Tax Payment', -211.12, 'Operational charge for tax payment'),
(954, '2026-05-14', 'Office Supplies', -188.65, 'Operational charge for office supplies'),
(955, '2026-05-16', 'Utility', -511.23, 'Operational charge for utility'),
(956, '2026-05-18', 'Tax Payment', -602.05, 'Operational charge for tax payment'),
(957, '2026-05-10', 'Office Supplies', -531.4, 'Operational charge for office supplies'),
(958, '2026-05-23', 'Tax Payment', -226.09, 'Operational charge for tax payment'),
(959, '2026-05-28', 'Marketing Spend', -216.7, 'Operational charge for marketing spend'),
(960, '2026-05-15', 'Utility', -721.78, 'Operational charge for utility'),
(961, '2026-05-17', 'Tax Payment', -186.86, 'Operational charge for tax payment'),
(962, '2026-05-26', 'Office Supplies', -321.06, 'Operational charge for office supplies'),
(963, '2026-05-22', 'Marketing Spend', -674.62, 'Operational charge for marketing spend'),
(964, '2026-05-31', 'Marketing Spend', -172.59, 'Operational charge for marketing spend'),
(965, '2026-05-27', 'Utility', -432.1, 'Operational charge for utility'),
(966, '2026-05-20', 'Tax Payment', -731.25, 'Operational charge for tax payment'),
(967, '2026-05-09', 'Utility', -510.75, 'Operational charge for utility'),
(968, '2026-05-20', 'Marketing Spend', -234.89, 'Operational charge for marketing spend'),
(969, '2026-05-30', 'Tax Payment', -321.11, 'Operational charge for tax payment'),
(970, '2026-05-17', 'Platform Fee', -244.95, 'Operational charge for platform fee'),
(971, '2026-05-20', 'Marketing Spend', -62.34, 'Operational charge for marketing spend'),
(972, '2026-05-27', 'Utility', -300.57, 'Operational charge for utility'),
(973, '2026-05-15', 'Marketing Spend', -642.67, 'Operational charge for marketing spend'),
(974, '2026-05-22', 'Office Supplies', -576.91, 'Operational charge for office supplies'),
(975, '2026-05-02', 'Office Supplies', -401.77, 'Operational charge for office supplies'),
(976, '2026-05-23', 'Utility', -320.15, 'Operational charge for utility'),
(977, '2026-05-22', 'Marketing Spend', -519.4, 'Operational charge for marketing spend'),
(978, '2026-05-21', 'Marketing Spend', -39.0, 'Operational charge for marketing spend'),
(979, '2026-05-03', 'Platform Fee', -191.86, 'Operational charge for platform fee'),
(980, '2026-05-12', 'Tax Payment', -483.75, 'Operational charge for tax payment'),
(981, '2026-05-07', 'Office Supplies', -788.01, 'Operational charge for office supplies'),
(982, '2026-05-23', 'Marketing Spend', -83.04, 'Operational charge for marketing spend'),
(983, '2026-05-18', 'Platform Fee', -233.61, 'Operational charge for platform fee'),
(984, '2026-05-18', 'Office Supplies', -528.49, 'Operational charge for office supplies'),
(985, '2026-05-31', 'Platform Fee', -623.49, 'Operational charge for platform fee'),
(986, '2026-05-31', 'Utility', -445.29, 'Operational charge for utility'),
(987, '2026-05-13', 'Office Supplies', -796.37, 'Operational charge for office supplies'),
(988, '2026-05-06', 'Tax Payment', -405.13, 'Operational charge for tax payment'),
(989, '2026-05-18', 'Marketing Spend', -407.53, 'Operational charge for marketing spend'),
(990, '2026-05-11', 'Marketing Spend', -173.71, 'Operational charge for marketing spend'),
(991, '2026-05-31', 'Platform Fee', -116.63, 'Operational charge for platform fee'),
(992, '2026-05-27', 'Office Supplies', -604.89, 'Operational charge for office supplies'),
(993, '2026-05-15', 'Tax Payment', -360.73, 'Operational charge for tax payment'),
(994, '2026-05-25', 'Utility', -209.17, 'Operational charge for utility'),
(995, '2026-05-31', 'Tax Payment', -268.36, 'Operational charge for tax payment'),
(996, '2026-05-29', 'Office Supplies', -127.62, 'Operational charge for office supplies'),
(997, '2026-05-16', 'Marketing Spend', -598.9, 'Operational charge for marketing spend'),
(998, '2026-05-13', 'Utility', -272.01, 'Operational charge for utility'),
(999, '2026-05-08', 'Platform Fee', -478.31, 'Operational charge for platform fee'),
(1000, '2026-05-12', 'Office Supplies', -382.19, 'Operational charge for office supplies'),
(1001, '2026-05-23', 'Platform Fee', -606.36, 'Operational charge for platform fee'),
(1002, '2026-05-03', 'Tax Payment', -274.52, 'Operational charge for tax payment'),
(1003, '2026-05-27', 'Platform Fee', -740.7, 'Operational charge for platform fee'),
(1004, '2026-05-30', 'Utility', -428.29, 'Operational charge for utility'),
(1005, '2026-05-12', 'Utility', -102.43, 'Operational charge for utility'),
(1006, '2026-05-09', 'Utility', -61.25, 'Operational charge for utility'),
(1007, '2026-05-22', 'Utility', -410.78, 'Operational charge for utility'),
(1008, '2026-05-07', 'Utility', -226.37, 'Operational charge for utility'),
(1009, '2026-05-28', 'Platform Fee', -638.71, 'Operational charge for platform fee'),
(1010, '2026-05-07', 'Utility', -147.66, 'Operational charge for utility'),
(1011, '2026-05-12', 'Utility', -192.43, 'Operational charge for utility'),
(1012, '2026-05-04', 'Marketing Spend', -272.87, 'Operational charge for marketing spend'),
(1013, '2026-05-22', 'Tax Payment', -321.21, 'Operational charge for tax payment'),
(1014, '2026-05-25', 'Office Supplies', -52.77, 'Operational charge for office supplies'),
(1015, '2026-05-28', 'Tax Payment', -510.47, 'Operational charge for tax payment'),
(1016, '2026-05-11', 'Tax Payment', -99.47, 'Operational charge for tax payment'),
(1017, '2026-05-29', 'Office Supplies', -122.36, 'Operational charge for office supplies'),
(1018, '2026-05-16', 'Utility', -32.17, 'Operational charge for utility'),
(1019, '2026-05-30', 'Office Supplies', -581.39, 'Operational charge for office supplies'),
(1020, '2026-05-08', 'Office Supplies', -699.97, 'Operational charge for office supplies'),
(1021, '2026-05-17', 'Tax Payment', -426.91, 'Operational charge for tax payment'),
(1022, '2026-05-18', 'Marketing Spend', -408.07, 'Operational charge for marketing spend'),
(1023, '2026-05-13', 'Utility', -443.39, 'Operational charge for utility'),
(1024, '2026-05-04', 'Office Supplies', -441.14, 'Operational charge for office supplies'),
(1025, '2026-05-23', 'Marketing Spend', -790.78, 'Operational charge for marketing spend'),
(1026, '2026-05-07', 'Tax Payment', -346.81, 'Operational charge for tax payment'),
(1027, '2026-05-11', 'Platform Fee', -322.03, 'Operational charge for platform fee'),
(1028, '2026-05-09', 'Utility', -372.12, 'Operational charge for utility'),
(1029, '2026-05-08', 'Platform Fee', -432.35, 'Operational charge for platform fee'),
(1030, '2026-05-20', 'Platform Fee', -514.58, 'Operational charge for platform fee'),
(1031, '2026-05-16', 'Tax Payment', -635.78, 'Operational charge for tax payment'),
(1032, '2026-05-23', 'Platform Fee', -515.24, 'Operational charge for platform fee'),
(1033, '2026-05-13', 'Platform Fee', -448.43, 'Operational charge for platform fee'),
(1034, '2026-05-19', 'Utility', -36.17, 'Operational charge for utility'),
(1035, '2026-05-22', 'Utility', -164.93, 'Operational charge for utility'),
(1036, '2026-05-24', 'Platform Fee', -172.81, 'Operational charge for platform fee'),
(1037, '2026-05-18', 'Tax Payment', -132.08, 'Operational charge for tax payment'),
(1038, '2026-05-07', 'Utility', -175.97, 'Operational charge for utility'),
(1039, '2026-05-24', 'Utility', -431.07, 'Operational charge for utility'),
(1040, '2026-05-01', 'Utility', -471.21, 'Operational charge for utility'),
(1041, '2026-05-05', 'Office Supplies', -383.49, 'Operational charge for office supplies'),
(1042, '2026-05-11', 'Tax Payment', -565.97, 'Operational charge for tax payment'),
(1043, '2026-05-18', 'Office Supplies', -762.79, 'Operational charge for office supplies'),
(1044, '2026-05-04', 'Utility', -753.17, 'Operational charge for utility'),
(1045, '2026-05-27', 'Platform Fee', -428.3, 'Operational charge for platform fee'),
(1046, '2026-05-21', 'Marketing Spend', -449.11, 'Operational charge for marketing spend'),
(1047, '2026-05-11', 'Platform Fee', -518.45, 'Operational charge for platform fee'),
(1048, '2026-05-18', 'Office Supplies', -73.16, 'Operational charge for office supplies'),
(1049, '2026-05-09', 'Platform Fee', -784.53, 'Operational charge for platform fee'),
(1050, '2026-05-04', 'Platform Fee', -123.45, 'Operational charge for platform fee');
-- Data for all tables has been inserted successfully.